SrcIP,SrcPort,DstIP,DstPort,StartTime_s,EndTime_s,Duration_s,TotalBytes,TotalPackets,Retransmissions,HandshakeTime_ms,MSS,IsElephant,AvgThroughput_bps
28.108.57.185,16655,95.248.178.203,3389,1744145100.344030,1744145100.344030,0.000001,0,1,0,-1.000,1460,0,0.00
137.121.91.194,58538,118.215.178.203,4443,1744145100.344023,1744145100.344023,0.000001,0,1,0,-1.000,-1,0,0.00
206.91.197.191,32363,101.66.67.150,23,1744145100.344010,1744145100.344010,0.000001,0,1,0,-1.000,-1,0,0.00
159.20.0.185,24738,111.180.178.203,80,1744145100.343986,1744145100.344022,0.000036,0,3,0,-1.000,-1,0,0.00
53.59.66.20,37359,114.205.5.133,18245,1744145100.343923,1744145100.343923,0.000001,0,1,0,-1.000,-1,0,0.00
128.115.207.193,51258,165.224.178.203,6033,1744145100.343791,1744145100.343791,0.000001,0,1,0,-1.000,1460,0,0.00
142.33.161.83,53470,25.99.67.150,3387,1744145100.343751,1744145100.343751,0.000001,0,1,0,-1.000,-1,0,0.00
176.231.28.133,3389,207.22.249.45,43594,1744145100.343715,1744145100.343715,0.000001,31,1,0,-1.000,-1,0,248000000.00
158.131.135.15,37527,202.163.67.150,4505,1744145100.343700,1744145100.343700,0.000001,0,1,0,-1.000,1460,0,0.00
94.235.155.175,2036,248.104.123.199,443,1744145100.343676,1744145100.343676,0.000001,0,1,0,-1.000,-1,0,0.00
225.230.95.8,25204,2.95.164.163,4001,1744145100.343603,1744145100.343603,0.000001,0,1,0,-1.000,1460,0,0.00
124.246.157.221,1024,89.11.67.150,23,1744145100.343598,1744145100.343598,0.000001,0,1,0,-1.000,-1,0,0.00
230.6.67.150,53684,74.243.131.20,443,1744145100.343521,1744145100.343960,0.000439,494,2,0,-1.000,-1,0,9002277.90
147.18.28.133,57438,109.67.53.44,443,1744145100.343421,1744145100.343484,0.000063,0,2,0,-1.000,-1,0,0.00
25.162.12.71,2211,194.159.178.203,34567,1744145100.343330,1744145100.343330,0.000001,0,1,0,-1.000,536,0,0.00
53.59.66.20,40130,40.49.5.133,18245,1744145100.343328,1744145100.343328,0.000001,0,1,0,-1.000,-1,0,0.00
238.129.135.15,33885,98.67.67.150,9037,1744145100.343205,1744145100.343205,0.000001,0,1,0,-1.000,1460,0,0.00
46.73.204.110,51947,18.217.164.163,88,1744145100.343188,1744145100.343188,0.000001,0,1,0,-1.000,-1,0,0.00
239.129.135.15,39859,191.215.5.133,8406,1744145100.343142,1744145100.343142,0.000001,0,1,0,-1.000,1460,0,0.00
49.36.148.202,46080,3.143.92.182,443,1744145100.343131,1744145100.343131,0.000001,93,1,0,-1.000,-1,0,744000000.00
247.114.236.38,60000,86.29.238.103,53797,1744145100.343037,1744145100.343037,0.000001,0,1,0,-1.000,-1,0,0.00
63.29.238.103,53797,247.114.236.38,60000,1744145100.342943,1744145100.342943,0.000001,0,1,0,-1.000,-1,0,0.00
109.66.222.147,52648,59.100.113.131,5001,1744145100.342919,1744145100.342919,0.000001,0,1,0,-1.000,1460,0,0.00
227.129.135.15,39543,101.149.67.150,3074,1744145100.342809,1744145100.342809,0.000001,0,1,0,-1.000,1460,0,0.00
196.151.67.20,44418,59.42.5.133,7473,1744145100.342802,1744145100.342802,0.000001,0,1,0,-1.000,-1,0,0.00
196.151.67.20,54926,79.244.5.133,7473,1744145100.342725,1744145100.342725,0.000001,0,1,0,-1.000,-1,0,0.00
247.114.236.38,60000,63.29.238.103,53797,1744145100.342665,1744145100.342665,0.000001,0,1,0,-1.000,-1,0,0.00
99.108.67.150,53881,222.6.45.104,443,1744145100.342591,1744145100.343833,0.001242,0,3,0,-1.000,-1,0,0.00
25.1.67.150,443,232.33.64.185,62470,1744145100.342563,1744145100.342563,0.000001,0,1,0,-1.000,-1,0,0.00
198.184.178.203,53736,125.153.101.23,443,1744145100.342467,1744145100.342467,0.000001,1,1,0,-1.000,-1,0,8000000.00
95.182.178.203,22,64.102.170.220,39150,1744145100.342353,1744145100.342353,0.000001,0,1,0,-1.000,-1,0,0.00
179.49.192.3,52647,151.19.5.133,49204,1744145100.342256,1744145100.342256,0.000001,0,1,0,-1.000,1460,0,0.00
64.131.70.162,9633,139.202.67.150,2087,1744145100.342192,1744145100.342192,0.000001,0,1,0,-1.000,1460,0,0.00
110.53.211.24,55191,118.122.67.150,23,1744145100.342189,1744145100.342189,0.000001,0,1,0,-1.000,-1,0,0.00
69.182.89.167,46321,147.38.113.131,6443,1744145100.342065,1744145100.342065,0.000001,0,1,0,-1.000,1460,0,0.00
93.28.238.103,22,46.58.165.218,11678,1744145100.341821,1744145100.341864,0.000043,64,2,0,-1.000,-1,0,11906976.74
205.191.47.195,41267,27.223.67.150,15904,1744145100.341667,1744145100.341667,0.000001,0,1,0,-1.000,1460,0,0.00
35.135.246.24,49274,154.168.15.133,23,1744145100.341607,1744145100.341607,0.000001,0,1,0,-1.000,-1,0,0.00
141.191.47.195,48751,84.245.67.150,15384,1744145100.341556,1744145100.341556,0.000001,0,1,0,-1.000,-1,0,0.00
74.138.28.133,22,49.58.165.218,58026,1744145100.341550,1744145100.341550,0.000001,0,1,0,-1.000,-1,0,0.00
164.230.10.206,5579,98.237.178.203,2628,1744145100.341511,1744145100.341511,0.000001,0,1,0,-1.000,1460,0,0.00
233.131.70.162,23389,235.148.178.203,51173,1744145100.341448,1744145100.341448,0.000001,0,1,0,-1.000,1460,0,0.00
238.129.135.15,35375,75.218.5.133,9037,1744145100.341202,1744145100.341202,0.000001,0,1,0,-1.000,1460,0,0.00
17.245.35.18,39213,48.179.67.150,1434,1744145100.341054,1744145100.341054,0.000001,0,1,0,-1.000,1460,0,0.00
91.252.27.156,38951,192.178.178.203,8088,1744145100.340949,1744145100.340949,0.000001,0,1,0,-1.000,-1,0,0.00
196.75.157.103,48806,180.217.28.133,22,1744145100.340943,1744145100.341617,0.000674,48,2,0,-1.000,-1,0,569732.94
97.59.179.103,54212,15.162.24.202,81,1744145100.340938,1744145100.340938,0.000001,9,1,0,-1.000,-1,0,72000000.00
89.206.151.18,44000,27.255.178.203,9200,1744145100.340872,1744145100.340872,0.000001,0,1,0,-1.000,1460,0,0.00
16.176.236.160,41678,40.25.15.133,3129,1744145100.340700,1744145100.340700,0.000001,0,1,0,-1.000,-1,0,0.00
117.215.173.157,45824,148.228.43.65,183,1744145100.340688,1744145100.343954,0.003266,0,12,0,-1.000,-1,0,0.00
131.222.211.3,56935,57.246.67.150,32768,1744145100.340687,1744145100.340687,0.000001,0,1,0,-1.000,1460,0,0.00
55.186.178.203,80,164.158.38.78,52984,1744145100.340547,1744145100.340547,0.000001,0,1,0,-1.000,1460,0,0.00
159.199.76.109,49961,22.187.178.203,3124,1744145100.340326,1744145100.340326,0.000001,0,1,0,-1.000,1412,0,0.00
180.175.53.175,42380,144.248.5.133,23,1744145100.340270,1744145100.340270,0.000001,0,1,0,-1.000,1460,0,0.00
249.115.207.193,55163,91.9.5.133,7999,1744145100.340182,1744145100.340182,0.000001,0,1,0,-1.000,1460,0,0.00
135.230.10.206,57531,82.90.164.163,42799,1744145100.340154,1744145100.340154,0.000001,0,1,0,-1.000,1460,0,0.00
50.175.28.133,64415,179.215.41.104,443,1744145100.340070,1744145100.340070,0.000001,0,1,0,-1.000,1460,0,0.00
206.191.47.195,57116,125.163.178.203,830,1744145100.340037,1744145100.341640,0.001603,0,2,0,-1.000,-1,0,0.00
143.236.163.59,38065,102.224.178.203,23,1744145100.340035,1744145100.340035,0.000001,0,1,0,-1.000,1452,0,0.00
134.115.207.193,50395,49.244.178.203,5904,1744145100.339977,1744145100.339977,0.000001,0,1,0,-1.000,1460,0,0.00
142.33.161.83,53470,56.59.5.133,3398,1744145100.339902,1744145100.339902,0.000001,0,1,0,-1.000,-1,0,0.00
81.8.177.46,2604,143.164.24.202,42852,1744145100.339838,1744145100.339838,0.000001,231,1,0,-1.000,-1,0,1848000000.00
158.150.27.122,24717,56.27.5.133,23,1744145100.339820,1744145100.339820,0.000001,0,1,0,-1.000,-1,0,0.00
40.172.108.65,58956,96.106.123.199,443,1744145100.339793,1744145100.339793,0.000001,0,1,0,-1.000,1460,0,0.00
67.166.55.170,40638,164.14.67.150,8728,1744145100.339764,1744145100.339764,0.000001,0,1,0,-1.000,-1,0,0.00
84.141.67.150,50215,74.243.131.20,443,1744145100.339754,1744145100.339754,0.000001,0,1,0,-1.000,1460,0,0.00
65.32.161.83,55634,152.229.178.203,5367,1744145100.339678,1744145100.339678,0.000001,0,1,0,-1.000,-1,0,0.00
15.190.197.36,63296,248.104.123.199,443,1744145100.339673,1744145100.339673,0.000001,0,1,0,-1.000,1400,0,0.00
110.244.158.141,55418,148.185.178.203,5555,1744145100.339601,1744145100.339601,0.000001,0,1,0,-1.000,-1,0,0.00
92.169.93.185,36836,227.195.152.202,80,1744145100.339590,1744145100.339590,0.000001,0,1,0,-1.000,-1,0,0.00
193.236.83.154,58686,16.150.67.150,80,1744145100.339580,1744145100.339580,0.000001,0,1,0,-1.000,-1,0,0.00
106.115.207.193,58819,15.155.67.150,2107,1744145100.339574,1744145100.339574,0.000001,0,1,0,-1.000,1460,0,0.00
94.137.11.156,56099,212.3.5.133,5005,1744145100.339567,1744145100.339567,0.000001,0,1,0,-1.000,-1,0,0.00
109.102.197.91,3323,159.233.178.203,5080,1744145100.339556,1744145100.339556,0.000001,0,1,0,-1.000,1460,0,0.00
94.175.2.47,19737,13.139.67.150,9200,1744145100.339541,1744145100.339541,0.000001,0,1,0,-1.000,1460,0,0.00
107.69.72.211,34607,95.19.164.163,23,1744145100.339539,1744145100.339539,0.000001,0,1,0,-1.000,1460,0,0.00
118.177.120.115,7816,14.206.178.203,1720,1744145100.339522,1744145100.339522,0.000001,0,1,0,-1.000,1460,0,0.00
224.250.97.108,62327,101.5.113.131,34567,1744145100.339504,1744145100.339504,0.000001,0,1,0,-1.000,536,0,0.00
208.5.173.157,23100,80.27.188.18,443,1744145100.339380,1744145100.339380,0.000001,0,1,0,-1.000,-1,0,0.00
40.233.72.147,873,55.186.178.203,34108,1744145100.339359,1744145100.339402,0.000043,8688,3,0,-1.000,-1,0,1616372093.02
196.71.246.45,56038,184.207.67.150,10000,1744145100.339355,1744145100.339355,0.000001,0,1,0,-1.000,-1,0,0.00
231.222.28.133,7788,112.32.161.83,48427,1744145100.339324,1744145100.339324,0.000001,0,1,0,-1.000,-1,0,0.00
68.105.228.139,61000,16.56.5.133,15000,1744145100.339231,1744145100.339231,0.000001,0,1,0,-1.000,1460,0,0.00
148.228.43.65,183,117.215.173.157,45824,1744145100.339208,1744145100.343889,0.004681,65652,45,0,-1.000,-1,0,112201666.31
51.114.113.131,34144,203.164.238.192,443,1744145100.339200,1744145100.339886,0.000686,1426,5,0,-1.000,-1,0,16629737.61
85.249.228.45,42894,146.162.24.202,7218,1744145100.339154,1744145100.339154,0.000001,19,1,0,-1.000,-1,0,152000000.00
20.77.165.138,17500,128.153.173.157,23,1744145100.339134,1744145100.339134,0.000001,0,1,0,-1.000,-1,0,0.00
75.131.70.162,38940,70.197.34.210,6001,1744145100.339132,1744145100.339132,0.000001,0,1,0,-1.000,1460,0,0.00
117.32.161.83,47519,51.197.34.210,3113,1744145100.339076,1744145100.339076,0.000001,0,1,0,-1.000,-1,0,0.00
161.158.2.47,56751,140.70.164.163,33395,1744145100.338934,1744145100.338934,0.000001,0,1,0,-1.000,-1,0,0.00
187.34.236.89,59341,45.195.67.150,8482,1744145100.338874,1744145100.338874,0.000001,0,1,0,-1.000,-1,0,0.00
224.53.15.133,443,22.136.102.110,25955,1744145100.338859,1744145100.338993,0.000134,8400,4,0,-1.000,-1,0,501492537.31
203.177.178.203,443,232.33.64.185,21559,1744145100.338834,1744145100.338834,0.000001,0,1,0,-1.000,-1,0,0.00
221.123.214.187,56476,212.204.5.133,1433,1744145100.338724,1744145100.338724,0.000001,0,1,0,-1.000,-1,0,0.00
131.222.211.3,34401,182.165.24.202,32768,1744145100.338668,1744145100.338668,0.000001,0,1,0,-1.000,1460,0,0.00
27.181.178.203,53,177.223.59.138,56844,1744145100.338520,1744145100.338520,0.000001,0,1,0,-1.000,1220,0,0.00
111.197.15.14,45558,104.221.13.202,43,1744145100.338513,1744145100.338969,0.000456,27,2,0,-1.000,-1,0,473684.21
252.143.178.119,19909,207.209.5.133,23,1744145100.338453,1744145100.338453,0.000001,0,1,0,-1.000,-1,0,0.00
177.223.59.138,56844,27.181.178.203,53,1744145100.338295,1744145100.338295,0.000001,0,1,0,0.225,1460,0,0.00
65.32.161.83,55634,16.37.5.133,7366,1744145100.338210,1744145100.338210,0.000001,0,1,0,-1.000,-1,0,0.00
84.120.220.179,19700,115.208.152.202,23,1744145100.338179,1744145100.338179,0.000001,0,1,0,-1.000,1460,0,0.00
164.158.38.78,52984,55.186.178.203,80,1744145100.338126,1744145100.338126,0.000001,0,1,0,2.421,1452,0,0.00
59.208.81.205,55891,78.180.67.150,3690,1744145100.338089,1744145100.338089,0.000001,0,1,0,-1.000,1460,0,0.00
227.129.135.15,55288,212.19.113.131,3074,1744145100.338026,1744145100.338026,0.000001,0,1,0,-1.000,1460,0,0.00
165.146.88.185,51617,83.139.164.163,37777,1744145100.337945,1744145100.337945,0.000001,0,1,0,-1.000,1460,0,0.00
166.244.158.141,38869,184.4.67.150,8728,1744145100.337942,1744145100.337942,0.000001,0,1,0,-1.000,-1,0,0.00
238.182.89.167,44150,170.248.5.133,5280,1744145100.337907,1744145100.337907,0.000001,0,1,0,-1.000,1460,0,0.00
67.166.55.170,33995,59.15.67.150,8728,1744145100.337811,1744145100.337811,0.000001,0,1,0,-1.000,-1,0,0.00
238.177.63.128,40505,114.255.152.202,2375,1744145100.337765,1744145100.337765,0.000001,0,1,0,-1.000,-1,0,0.00
76.228.139.122,7121,114.54.164.163,23,1744145100.337727,1744145100.337727,0.000001,0,1,0,-1.000,-1,0,0.00
117.215.173.157,40922,148.228.43.65,183,1744145100.337669,1744145100.337669,0.000001,0,1,0,-1.000,-1,0,0.00
37.19.8.117,48824,145.171.178.203,23,1744145100.337562,1744145100.337562,0.000001,0,1,0,-1.000,1420,0,0.00
69.91.241.103,59429,3.35.67.150,23,1744145100.337540,1744145100.337540,0.000001,0,1,0,-1.000,-1,0,0.00
158.131.135.15,48421,36.181.28.133,4505,1744145100.337527,1744145100.337527,0.000001,0,1,0,-1.000,1460,0,0.00
196.27.169.95,60778,224.201.67.150,4153,1744145100.337468,1744145100.337468,0.000001,0,1,0,-1.000,-1,0,0.00
191.182.89.167,55920,234.164.24.202,16548,1744145100.337306,1744145100.337306,0.000001,0,1,0,-1.000,-1,0,0.00
46.122.89.23,40123,138.41.5.133,3389,1744145100.337293,1744145100.337293,0.000001,0,1,0,-1.000,-1,0,0.00
39.227.217.81,50134,226.165.24.202,445,1744145100.337279,1744145100.337279,0.000001,1350,1,0,-1.000,-1,0,10800000000.00
60.244.158.141,44873,146.233.67.150,5555,1744145100.337206,1744145100.337206,0.000001,0,1,0,-1.000,-1,0,0.00
80.166.55.170,54932,3.128.178.203,8728,1744145100.337201,1744145100.337201,0.000001,0,1,0,-1.000,-1,0,0.00
39.142.247.118,46721,35.153.178.203,23,1744145100.337166,1744145100.337166,0.000001,0,1,0,-1.000,1460,0,0.00
223.236.83.154,52682,3.73.67.150,81,1744145100.337127,1744145100.337127,0.000001,0,1,0,-1.000,-1,0,0.00
168.96.212.172,42160,13.52.5.133,5631,1744145100.337084,1744145100.337084,0.000001,0,1,0,-1.000,-1,0,0.00
187.34.236.89,59341,123.174.67.150,37362,1744145100.337078,1744145100.337078,0.000001,0,1,0,-1.000,-1,0,0.00
187.34.236.89,59341,4.199.67.150,34565,1744145100.336925,1744145100.336925,0.000001,0,1,0,-1.000,-1,0,0.00
187.34.236.89,59341,166.226.67.150,34544,1744145100.336897,1744145100.336897,0.000001,0,1,0,-1.000,-1,0,0.00
175.42.56.200,30122,116.127.173.157,51911,1744145100.336807,1744145100.336807,0.000001,0,1,0,-1.000,-1,0,0.00
239.129.135.15,49547,17.138.178.203,8406,1744145100.336799,1744145100.336799,0.000001,0,1,0,-1.000,1460,0,0.00
12.246.55.121,15339,250.139.113.131,23,1744145100.336695,1744145100.336695,0.000001,0,1,0,-1.000,-1,0,0.00
55.186.178.203,80,36.136.162.69,43116,1744145100.336693,1744145100.336700,0.000007,2880,2,0,-1.000,-1,0,3291428571.43
187.34.236.89,59341,109.221.67.150,37352,1744145100.336666,1744145100.336666,0.000001,0,1,0,-1.000,-1,0,0.00
163.131.70.162,13577,45.223.5.133,35154,1744145100.336584,1744145100.336584,0.000001,0,1,0,-1.000,1460,0,0.00
155.254.177.115,54052,218.20.67.150,23,1744145100.336579,1744145100.336579,0.000001,0,1,0,-1.000,1398,0,0.00
92.182.89.167,52965,194.30.67.150,50001,1744145100.336422,1744145100.336422,0.000001,0,1,0,-1.000,1460,0,0.00
172.203.28.133,52268,179.200.42.18,443,1744145100.336353,1744145100.336353,0.000001,0,1,0,-1.000,-1,0,0.00
203.33.5.133,49215,126.228.149.18,43852,1744145100.336331,1744145100.336331,0.000001,0,1,0,-1.000,-1,0,0.00
148.228.43.65,183,117.215.173.157,40922,1744145100.336184,1744145100.336217,0.000033,2736,2,0,-1.000,-1,0,663272727.27
166.244.158.141,56716,104.158.67.150,8728,1744145100.336077,1744145100.336077,0.000001,0,1,0,-1.000,-1,0,0.00
98.159.25.95,42397,246.151.178.203,80,1744145100.335859,1744145100.335859,0.000001,0,1,0,-1.000,1440,0,0.00
19.163.217.222,59280,145.216.178.203,22,1744145100.335738,1744145100.335738,0.000001,0,1,0,-1.000,1460,0,0.00
245.162.24.202,43056,148.117.232.52,443,1744145100.335708,1744145100.335708,0.000001,0,1,0,-1.000,1350,0,0.00
19.111.34.73,35485,175.208.15.192,5000,1744145100.335701,1744145100.335701,0.000001,0,1,0,-1.000,1460,0,0.00
205.191.47.195,60349,207.249.5.133,15904,1744145100.335602,1744145100.335602,0.000001,0,1,0,-1.000,1460,0,0.00
208.5.173.157,26890,19.104.67.60,443,1744145100.335527,1744145100.335527,0.000001,1440,1,0,-1.000,-1,0,11520000000.00
30.195.196.3,53806,208.208.67.150,49171,1744145100.335491,1744145100.335491,0.000001,0,1,0,-1.000,1460,0,0.00
61.115.207.193,50353,135.128.178.203,445,1744145100.335410,1744145100.335410,0.000001,0,1,0,-1.000,1460,0,0.00
145.195.171.98,23553,93.56.67.150,80,1744145100.335349,1744145100.335349,0.000001,342,1,0,-1.000,-1,0,2736000000.00
118.177.120.115,60699,100.171.178.203,20111,1744145100.335160,1744145100.335160,0.000001,0,1,0,-1.000,1460,0,0.00
158.131.135.15,56564,33.244.164.163,4505,1744145100.335085,1744145100.335085,0.000001,0,1,0,-1.000,1460,0,0.00
67.149.219.199,2245,241.84.164.163,502,1744145100.335046,1744145100.335046,0.000001,0,1,0,-1.000,1460,0,0.00
53.59.66.20,58161,209.58.5.133,18245,1744145100.335042,1744145100.335042,0.000001,0,1,0,-1.000,-1,0,0.00
187.34.236.89,59341,95.236.67.150,37351,1744145100.335024,1744145100.335024,0.000001,0,1,0,-1.000,-1,0,0.00
207.163.243.70,60000,95.221.67.150,6649,1744145100.335007,1744145100.335007,0.000001,0,1,0,-1.000,-1,0,0.00
158.208.81.205,55626,131.199.164.163,20257,1744145100.334871,1744145100.334871,0.000001,0,1,0,-1.000,1460,0,0.00
187.34.236.89,59341,82.155.67.150,34548,1744145100.334868,1744145100.334868,0.000001,0,1,0,-1.000,-1,0,0.00
89.109.174.140,443,213.41.164.163,54846,1744145100.334714,1744145100.334714,0.000001,0,1,0,-1.000,-1,0,0.00
43.32.161.83,34870,106.164.24.202,4444,1744145100.334713,1744145100.334713,0.000001,115,1,0,-1.000,-1,0,920000000.00
33.115.207.193,47766,252.46.5.133,505,1744145100.334687,1744145100.334687,0.000001,0,1,0,-1.000,1460,0,0.00
207.191.47.195,34183,193.130.178.203,15659,1744145100.334627,1744145100.334627,0.000001,0,1,0,-1.000,1460,0,0.00
166.244.158.141,54743,124.235.178.203,8728,1744145100.334624,1744145100.334624,0.000001,0,1,0,-1.000,-1,0,0.00
16.58.222.178,52241,167.164.24.202,54967,1744145100.334580,1744145100.334580,0.000001,68,1,0,-1.000,-1,0,544000000.00
145.139.119.185,54123,75.162.24.202,3306,1744145100.334561,1744145100.334561,0.000001,0,1,0,-1.000,-1,0,0.00
51.182.194.3,37382,191.218.178.203,49227,1744145100.334314,1744145100.334314,0.000001,0,1,0,-1.000,1460,0,0.00
36.136.162.69,43116,55.186.178.203,80,1744145100.334310,1744145100.334310,0.000001,0,1,0,-1.000,-1,0,0.00
187.34.236.89,59341,190.174.67.150,37362,1744145100.334277,1744145100.334277,0.000001,0,1,0,-1.000,-1,0,0.00
135.225.133.167,39572,206.252.164.163,2000,1744145100.334250,1744145100.334250,0.000001,0,1,0,-1.000,1460,0,0.00
231.131.70.162,42976,60.230.5.133,10887,1744145100.334236,1744145100.334236,0.000001,0,1,0,-1.000,1460,0,0.00
131.53.14.52,37256,210.77.67.150,7443,1744145100.334204,1744145100.334204,0.000001,0,1,0,-1.000,1460,0,0.00
89.64.123.196,45065,3.198.34.210,22,1744145100.334021,1744145100.334021,0.000001,0,1,0,-1.000,-1,0,0.00
93.137.11.156,55638,182.153.178.203,5005,1744145100.334004,1744145100.334004,0.000001,0,1,0,-1.000,-1,0,0.00
203.24.163.164,60000,195.34.5.133,7318,1744145100.333920,1744145100.333920,0.000001,0,1,0,-1.000,-1,0,0.00
29.199.211.162,54969,171.100.67.150,15122,1744145100.333857,1744145100.333857,0.000001,0,1,0,-1.000,-1,0,0.00
141.191.47.195,46132,150.165.24.202,15383,1744145100.333741,1744145100.333741,0.000001,0,1,0,-1.000,1460,0,0.00
40.186.7.92,44574,145.2.67.150,63561,1744145100.333654,1744145100.333654,0.000001,0,1,0,-1.000,-1,0,0.00
248.212.156.198,55936,174.163.178.203,9092,1744145100.333647,1744145100.333647,0.000001,0,1,0,-1.000,1460,0,0.00
67.166.55.170,33433,235.207.164.163,8728,1744145100.333644,1744145100.333644,0.000001,0,1,0,-1.000,-1,0,0.00
181.98.28.133,22,100.52.5.182,49236,1744145100.333636,1744145100.333636,0.000001,0,1,0,-1.000,-1,0,0.00
36.230.10.206,42166,46.165.24.202,18080,1744145100.333481,1744145100.333481,0.000001,22,1,0,-1.000,-1,0,176000000.00
34.119.52.52,443,255.36.148.202,43396,1744145100.333422,1744145100.333422,0.000001,0,1,0,-1.000,-1,0,0.00
21.178.67.150,51354,162.197.176.35,443,1744145100.333321,1744145100.333321,0.000001,0,1,0,-1.000,-1,0,0.00
132.191.47.195,48670,173.233.178.203,15839,1744145100.333197,1744145100.333197,0.000001,0,1,0,-1.000,-1,0,0.00
89.148.213.3,35983,39.185.178.203,3690,1744145100.333152,1744145100.333152,0.000001,0,1,0,-1.000,1460,0,0.00
194.194.164.163,56082,233.126.88.162,443,1744145100.333107,1744145100.333107,0.000001,0,1,0,-1.000,-1,0,0.00
181.88.108.60,35462,238.18.5.133,23,1744145100.333087,1744145100.333087,0.000001,0,1,0,-1.000,-1,0,0.00
158.131.135.15,45995,82.85.67.150,4505,1744145100.333036,1744145100.333036,0.000001,0,1,0,-1.000,1460,0,0.00
187.34.236.89,59341,29.227.67.150,8581,1744145100.332995,1744145100.332995,0.000001,0,1,0,-1.000,-1,0,0.00
168.96.212.172,43777,58.34.5.133,5631,1744145100.332928,1744145100.332928,0.000001,0,1,0,-1.000,-1,0,0.00
208.121.202.172,54912,198.249.178.203,8040,1744145100.332808,1744145100.332808,0.000001,0,1,0,-1.000,-1,0,0.00
194.21.29.211,44314,93.56.67.150,873,1744145100.332790,1744145100.334623,0.001833,0,11,0,-1.000,-1,0,0.00
165.230.10.206,27277,124.255.164.163,1099,1744145100.332618,1744145100.332618,0.000001,0,1,0,-1.000,1460,0,0.00
99.136.6.71,48127,119.253.152.202,445,1744145100.332588,1744145100.332588,0.000001,0,1,0,-1.000,1460,0,0.00
246.43.192.3,37946,69.164.24.202,18208,1744145100.332585,1744145100.332585,0.000001,0,1,0,-1.000,1460,0,0.00
142.33.161.83,53470,233.235.164.163,7777,1744145100.332551,1744145100.332551,0.000001,0,1,0,-1.000,-1,0,0.00
215.68.186.130,443,199.52.156.64,63403,1744145100.332543,1744145100.335838,0.003295,619,3,0,-1.000,-1,0,1502883.16
83.28.218.137,57824,141.197.113.131,25,1744145100.332484,1744145100.332520,0.000036,2648,2,0,-1.000,-1,0,588444444.44
52.7.155.162,443,186.133.113.131,64510,1744145100.332451,1744145100.332757,0.000306,138,2,0,-1.000,-1,0,3607843.14
42.187.113.131,25,207.86.235.172,49893,1744145100.332448,1744145100.332448,0.000001,14,1,0,-1.000,-1,0,112000000.00
158.131.135.15,57433,61.220.5.133,4505,1744145100.332411,1744145100.332411,0.000001,0,1,0,-1.000,1460,0,0.00
168.96.212.172,49577,67.244.5.133,5631,1744145100.332397,1744145100.332397,0.000001,0,1,0,-1.000,-1,0,0.00
187.34.236.89,59341,145.250.67.150,34393,1744145100.332361,1744145100.332361,0.000001,0,1,0,-1.000,-1,0,0.00
238.177.63.128,34637,217.33.148.202,2375,1744145100.332289,1744145100.332289,0.000001,0,1,0,-1.000,-1,0,0.00
86.182.89.167,60935,87.142.164.163,40000,1744145100.332215,1744145100.332215,0.000001,0,1,0,-1.000,1460,0,0.00
12.208.81.205,53921,147.230.178.203,4433,1744145100.332157,1744145100.332157,0.000001,0,1,0,-1.000,1460,0,0.00
62.45.74.185,55402,197.224.67.150,23,1744145100.332089,1744145100.332089,0.000001,0,1,0,-1.000,-1,0,0.00
206.159.205.45,14573,98.92.67.150,23,1744145100.332042,1744145100.332042,0.000001,0,1,0,-1.000,-1,0,0.00
168.96.212.172,40337,125.252.5.133,5631,1744145100.331985,1744145100.331985,0.000001,0,1,0,-1.000,-1,0,0.00
91.36.148.202,3389,0.17.140.45,42292,1744145100.331965,1744145100.331965,0.000001,31,1,0,-1.000,-1,0,248000000.00
91.36.148.202,3389,250.244.158.141,22830,1744145100.331868,1744145100.331868,0.000001,0,1,0,-1.000,-1,0,0.00
168.96.212.172,60061,11.253.5.133,5631,1744145100.331755,1744145100.331755,0.000001,0,1,0,-1.000,-1,0,0.00
65.32.161.83,55634,150.164.178.203,6802,1744145100.331647,1744145100.331647,0.000001,0,1,0,-1.000,-1,0,0.00
209.228.155.175,35580,248.104.123.199,443,1744145100.331632,1744145100.331632,0.000001,0,1,0,-1.000,1452,0,0.00
241.123.110.185,38878,26.216.67.150,8989,1744145100.331600,1744145100.331600,0.000001,0,1,0,-1.000,-1,0,0.00
187.34.236.89,59341,110.205.67.150,8582,1744145100.331437,1744145100.331437,0.000001,0,1,0,-1.000,-1,0,0.00
34.115.207.193,51120,191.250.67.150,3900,1744145100.331434,1744145100.331434,0.000001,0,1,0,-1.000,1460,0,0.00
97.128.126.126,38175,172.220.173.157,80,1744145100.331352,1744145100.331352,0.000001,0,1,0,-1.000,-1,0,0.00
88.87.123.196,42950,58.29.5.133,3128,1744145100.331270,1744145100.331270,0.000001,0,1,0,-1.000,-1,0,0.00
104.15.212.54,443,255.36.148.202,50626,1744145100.331264,1744145100.331264,0.000001,0,1,0,-1.000,-1,0,0.00
183.5.89.210,58312,93.56.67.150,873,1744145100.331156,1744145100.331156,0.000001,0,1,0,-1.000,-1,0,0.00
48.107.236.120,1455,53.108.67.150,55749,1744145100.331094,1744145100.331094,0.000001,28,1,0,-1.000,-1,0,224000000.00
203.176.155.175,30932,248.104.123.199,443,1744145100.331061,1744145100.331061,0.000001,0,1,0,-1.000,1452,0,0.00
200.141.20.47,52284,54.162.24.202,12540,1744145100.331053,1744145100.331053,0.000001,0,1,0,-1.000,1460,0,0.00
112.171.204.104,61013,204.131.164.163,8001,1744145100.330944,1744145100.330944,0.000001,0,1,0,-1.000,1460,0,0.00
124.35.148.202,2000,119.78.192.3,60846,1744145100.330894,1744145100.330894,0.000001,0,1,0,-1.000,-1,0,0.00
88.87.123.196,42947,134.229.152.202,1080,1744145100.330868,1744145100.330868,0.000001,0,1,0,-1.000,-1,0,0.00
216.253.67.184,443,175.15.67.150,33885,1744145100.330833,1744145100.331429,0.000596,143,3,0,-1.000,-1,0,1919463.09
1.33.161.83,59845,109.29.238.103,50478,1744145100.330746,1744145100.330746,0.000001,0,1,0,-1.000,-1,0,0.00
146.253.113.185,33109,36.207.5.133,443,1744145100.330629,1744145100.330629,0.000001,0,1,0,-1.000,1460,0,0.00
227.129.135.15,45138,3.231.164.163,3074,1744145100.330625,1744145100.330625,0.000001,0,1,0,-1.000,1460,0,0.00
36.163.58.220,40920,37.175.67.150,63504,1744145100.330587,1744145100.330587,0.000001,0,1,0,-1.000,-1,0,0.00
93.56.67.150,443,248.39.220.93,29985,1744145100.330495,1744145100.341278,0.010783,413467,46,0,-1.000,-1,0,306754706.48
30.67.25.52,443,255.36.148.202,54936,1744145100.330473,1744145100.332886,0.002413,0,2,0,-1.000,-1,0,0.00
55.186.178.203,80,11.14.125.133,44419,1744145100.330420,1744145100.343683,0.013263,297528,40,0,-1.000,-1,0,179463469.80
119.78.192.3,60846,124.35.148.202,2000,1744145100.330322,1744145100.330347,0.000025,173,2,0,-1.000,-1,0,55360000.00
83.134.36.18,33048,176.36.148.202,5061,1744145100.330300,1744145100.330300,0.000001,0,1,0,-1.000,1460,0,0.00
46.36.148.202,22,203.70.64.200,36535,1744145100.330140,1744145100.332112,0.001972,984,2,0,-1.000,-1,0,3991886.41
69.89.50.100,16227,128.250.15.133,70,1744145100.330078,1744145100.330078,0.000001,0,1,0,-1.000,-1,0,0.00
42.80.21.47,51027,125.26.67.150,3004,1744145100.330038,1744145100.330038,0.000001,0,1,0,-1.000,1460,0,0.00
93.56.67.150,443,25.253.166.51,33238,1744145100.330011,1744145100.330011,0.000001,0,1,0,-1.000,-1,0,0.00
198.190.225.194,80,63.95.164.163,8411,1744145100.329968,1744145100.329968,0.000001,0,1,0,-1.000,-1,0,0.00
63.115.207.193,55326,79.202.152.202,9300,1744145100.329905,1744145100.329905,0.000001,0,1,0,-1.000,1460,0,0.00
194.240.143.60,52075,143.116.112.131,993,1744145100.329829,1744145100.329829,0.000001,0,1,0,-1.000,1420,0,0.00
239.129.135.15,49143,125.151.67.150,8406,1744145100.329769,1744145100.329769,0.000001,0,1,0,-1.000,1460,0,0.00
148.252.27.156,55697,233.214.5.133,5902,1744145100.329701,1744145100.329701,0.000001,0,1,0,-1.000,1460,0,0.00
50.175.28.133,64414,179.215.41.104,443,1744145100.329627,1744145100.343797,0.014170,227,5,0,-1.000,1460,0,128158.08
207.191.47.195,53476,40.207.152.202,15659,1744145100.329623,1744145100.329623,0.000001,0,1,0,-1.000,1460,0,0.00
92.169.93.185,45049,242.253.152.202,80,1744145100.329613,1744145100.329613,0.000001,0,1,0,-1.000,-1,0,0.00
99.6.233.79,1328,141.6.113.131,70,1744145100.329416,1744145100.329416,0.000001,0,1,0,-1.000,536,0,0.00
203.70.64.200,36535,46.36.148.202,22,1744145100.329395,1744145100.329395,0.000001,22,1,0,-1.000,-1,0,176000000.00
144.138.89.207,26200,120.202.178.203,6505,1744145100.329320,1744145100.329320,0.000001,0,1,0,-1.000,1460,0,0.00
244.71.101.212,45617,80.30.112.131,445,1744145100.329258,1744145100.329258,0.000001,0,1,0,-1.000,-1,0,0.00
250.123.211.3,40996,22.3.67.150,93,1744145100.329193,1744145100.329193,0.000001,0,1,0,-1.000,1460,0,0.00
186.46.5.133,8443,12.195.119.92,35584,1744145100.329096,1744145100.330478,0.001382,0,2,0,-1.000,-1,0,0.00
229.182.89.167,58415,80.63.5.133,25769,1744145100.329062,1744145100.329062,0.000001,0,1,0,-1.000,1460,0,0.00
64.212.156.198,49468,224.208.178.203,2086,1744145100.329019,1744145100.329019,0.000001,0,1,0,-1.000,1460,0,0.00
96.118.67.150,13938,76.12.53.164,443,1744145100.328953,1744145100.328953,0.000001,0,1,0,-1.000,-1,0,0.00
89.234.187.103,44074,184.148.113.131,22,1744145100.328921,1744145100.328921,0.000001,0,1,0,-1.000,-1,0,0.00
165.230.10.206,6827,169.208.67.150,10260,1744145100.328909,1744145100.328909,0.000001,0,1,0,-1.000,1460,0,0.00
249.103.6.195,60465,61.224.178.203,1026,1744145100.328836,1744145100.328836,0.000001,0,1,0,-1.000,-1,0,0.00
238.129.135.15,50918,218.54.5.133,9037,1744145100.328809,1744145100.328809,0.000001,0,1,0,-1.000,1460,0,0.00
44.190.178.203,443,150.20.0.185,47918,1744145100.328806,1744145100.329557,0.000751,17871,9,0,-1.000,-1,0,190370173.10
229.191.47.195,60318,63.178.178.203,830,1744145100.328793,1744145100.328793,0.000001,100,1,0,-1.000,-1,0,800000000.00
148.44.236.45,46645,201.43.67.150,15733,1744145100.328761,1744145100.328761,0.000001,0,1,0,-1.000,-1,0,0.00
227.129.135.15,56528,37.42.164.163,3074,1744145100.328640,1744145100.328640,0.000001,0,1,0,-1.000,1460,0,0.00
253.33.5.133,3389,125.16.22.106,52697,1744145100.328589,1744145100.328589,0.000001,0,1,0,-1.000,1460,0,0.00
111.197.15.14,45502,104.221.13.202,43,1744145100.328500,1744145100.330571,0.002071,0,3,0,-1.000,-1,0,0.00
193.236.83.154,47340,148.173.67.150,80,1744145100.328466,1744145100.328466,0.000001,0,1,0,-1.000,-1,0,0.00
14.198.67.150,59363,74.243.131.20,443,1744145100.328441,1744145100.328441,0.000001,0,1,0,-1.000,1460,0,0.00
150.195.244.91,8883,74.221.164.163,53085,1744145100.328410,1744145100.328410,0.000001,24,1,0,-1.000,-1,0,192000000.00
54.202.197.36,45589,248.104.123.199,443,1744145100.328308,1744145100.328308,0.000001,0,1,0,-1.000,1400,0,0.00
19.218.193.3,53050,177.35.148.202,49174,1744145100.328269,1744145100.328269,0.000001,0,1,0,-1.000,1460,0,0.00
238.129.135.15,35925,152.160.164.163,9037,1744145100.328198,1744145100.328198,0.000001,0,1,0,-1.000,1460,0,0.00
39.139.122.183,51722,205.203.28.133,23,1744145100.328172,1744145100.328172,0.000001,0,1,0,-1.000,-1,0,0.00
205.193.123.153,22,255.36.148.202,51738,1744145100.328134,1744145100.328134,0.000001,0,1,0,-1.000,1460,0,0.00
65.215.52.31,50538,49.162.24.202,21565,1744145100.328079,1744145100.328079,0.000001,493,1,0,-1.000,-1,0,3944000000.00
208.121.202.172,56461,59.136.178.203,8040,1744145100.328067,1744145100.328067,0.000001,0,1,0,-1.000,-1,0,0.00
11.14.125.133,44419,55.186.178.203,80,1744145100.328014,1744145100.340992,0.012978,0,21,0,-1.000,-1,0,0.00
132.191.47.195,60679,39.241.5.133,15839,1744145100.327913,1744145100.327913,0.000001,0,1,0,-1.000,-1,0,0.00
238.129.135.15,44782,139.190.164.163,9037,1744145100.327863,1744145100.327863,0.000001,0,1,0,-1.000,1460,0,0.00
120.66.222.147,49827,101.8.5.133,53300,1744145100.327817,1744145100.327817,0.000001,0,1,0,-1.000,1460,0,0.00
52.42.132.113,57115,7.166.178.203,23,1744145100.327799,1744145100.327799,0.000001,0,1,0,-1.000,1452,0,0.00
125.16.22.106,52697,253.33.5.133,3389,1744145100.327797,1744145100.327797,0.000001,0,1,0,0.792,1460,0,0.00
50.175.28.133,64413,179.215.41.104,443,1744145100.327791,1744145100.340360,0.012569,227,5,0,-1.000,1460,0,144482.46
189.165.24.202,22,116.28.86.149,55178,1744145100.327766,1744145100.327766,0.000001,52,1,0,-1.000,-1,0,416000000.00
172.17.157.59,48943,253.228.152.202,8888,1744145100.327755,1744145100.327755,0.000001,0,1,0,-1.000,-1,0,0.00
12.195.119.92,35584,186.46.5.133,8443,1744145100.327706,1744145100.329488,0.001782,24,3,0,-1.000,-1,0,107744.11
128.101.173.157,22414,169.32.161.83,61000,1744145100.327654,1744145100.327654,0.000001,0,1,0,-1.000,-1,0,0.00
166.141.182.13,8883,166.184.178.203,54289,1744145100.327620,1744145100.327620,0.000001,0,1,0,-1.000,-1,0,0.00
249.212.156.198,53943,87.208.113.131,8009,1744145100.327533,1744145100.327533,0.000001,0,1,0,-1.000,1460,0,0.00
103.206.173.157,5900,151.55.130.79,29010,1744145100.327465,1744145100.327465,0.000001,12,1,0,-1.000,-1,0,96000000.00
36.73.67.150,54396,15.203.211.162,19292,1744145100.327443,1744145100.327443,0.000001,0,1,0,-1.000,1460,0,0.00
238.129.135.15,46011,12.60.67.150,9037,1744145100.327354,1744145100.327354,0.000001,0,1,0,-1.000,1460,0,0.00
192.160.89.167,45650,240.208.178.203,63920,1744145100.327335,1744145100.327335,0.000001,0,1,0,-1.000,1460,0,0.00
209.98.252.183,5176,17.246.152.202,23,1744145100.327331,1744145100.327331,0.000001,0,1,0,-1.000,-1,0,0.00
74.229.10.206,62686,122.78.164.163,43001,1744145100.327329,1744145100.327329,0.000001,0,1,0,-1.000,1460,0,0.00
89.64.123.196,45065,97.196.34.210,22,1744145100.327313,1744145100.327313,0.000001,0,1,0,-1.000,-1,0,0.00
32.29.238.103,22,25.85.123.196,54766,1744145100.327306,1744145100.327306,0.000001,1120,1,0,-1.000,-1,0,8960000000.00
54.208.81.205,52109,127.195.67.150,61337,1744145100.327305,1744145100.327305,0.000001,0,1,0,-1.000,1460,0,0.00
224.121.54.203,443,27.109.173.157,7810,1744145100.327265,1744145100.327265,0.000001,0,1,0,-1.000,-1,0,0.00
218.93.123.87,60165,134.215.5.133,4646,1744145100.327234,1744145100.327234,0.000001,0,1,0,-1.000,-1,0,0.00
76.183.178.203,22,149.236.14.192,65283,1744145100.327206,1744145100.327206,0.000001,0,1,0,-1.000,-1,0,0.00
232.169.213.3,56083,11.248.67.150,49225,1744145100.327165,1744145100.327165,0.000001,0,1,0,-1.000,1460,0,0.00
36.179.187.119,3080,180.74.67.150,23,1744145100.327148,1744145100.327148,0.000001,0,1,0,-1.000,-1,0,0.00
247.66.222.147,56690,112.87.164.163,8081,1744145100.327142,1744145100.327142,0.000001,0,1,0,-1.000,1460,0,0.00
25.85.123.196,54766,32.29.238.103,22,1744145100.327003,1744145100.329151,0.002148,1008,2,0,-1.000,-1,0,3754189.94
118.177.120.115,25393,13.175.178.203,2078,1744145100.326980,1744145100.326980,0.000001,0,1,0,-1.000,1460,0,0.00
11.24.127.184,49348,169.218.178.203,22802,1744145100.326975,1744145100.326975,0.000001,0,1,0,-1.000,-1,0,0.00
111.180.178.203,80,28.52.176.152,2563,1744145100.326958,1744145100.326958,0.000001,1448,1,0,-1.000,-1,0,11584000000.00
143.230.10.206,24853,210.74.67.150,26182,1744145100.326887,1744145100.326887,0.000001,0,1,0,-1.000,1460,0,0.00
217.65.9.72,47963,91.45.5.133,443,1744145100.326681,1744145100.326681,0.000001,0,1,0,-1.000,1460,0,0.00
88.110.97.146,60744,219.162.24.202,6881,1744145100.326556,1744145100.326556,0.000001,0,1,0,-1.000,1460,0,0.00
42.225.219.172,443,237.110.67.150,55590,1744145100.326546,1744145100.328396,0.001850,422,2,0,-1.000,-1,0,1824864.86
236.108.67.150,44580,252.253.227.156,80,1744145100.326524,1744145100.329321,0.002797,0,4,0,-1.000,-1,0,0.00
123.4.228.110,59722,211.181.15.133,23,1744145100.326393,1744145100.326393,0.000001,0,1,0,-1.000,1420,0,0.00
98.195.28.133,80,194.102.211.85,32960,1744145100.326378,1744145100.326378,0.000001,294,1,0,-1.000,-1,0,2352000000.00
229.253.65.172,443,249.27.67.150,53332,1744145100.326242,1744145100.326242,0.000001,0,1,0,-1.000,-1,0,0.00
110.213.153.39,14232,83.47.5.133,23,1744145100.326216,1744145100.326216,0.000001,0,1,0,-1.000,-1,0,0.00
64.102.170.220,39150,95.182.178.203,22,1744145100.326204,1744145100.326204,0.000001,80,1,0,-1.000,-1,0,640000000.00
157.39.124.64,3657,131.145.178.203,8081,1744145100.326178,1744145100.326178,0.000001,0,1,0,-1.000,-1,0,0.00
161.230.10.206,48049,243.251.178.203,49152,1744145100.326062,1744145100.326062,0.000001,0,1,0,-1.000,1460,0,0.00
138.66.222.147,49579,173.139.178.203,9997,1744145100.326047,1744145100.326047,0.000001,0,1,0,-1.000,1460,0,0.00
239.129.135.15,44821,121.230.113.131,8406,1744145100.326045,1744145100.326045,0.000001,0,1,0,-1.000,1460,0,0.00
65.32.161.83,55634,148.146.178.203,5539,1744145100.325991,1744145100.325991,0.000001,0,1,0,-1.000,-1,0,0.00
117.208.81.205,52905,125.186.178.203,9200,1744145100.325839,1744145100.325839,0.000001,0,1,0,-1.000,1460,0,0.00
29.199.211.162,56492,40.217.178.203,15122,1744145100.325830,1744145100.325830,0.000001,0,1,0,-1.000,-1,0,0.00
227.129.135.15,57595,86.255.5.133,3074,1744145100.325684,1744145100.325684,0.000001,0,1,0,-1.000,1460,0,0.00
67.166.55.170,37630,37.177.178.203,8728,1744145100.325393,1744145100.325393,0.000001,0,1,0,-1.000,-1,0,0.00
201.66.222.147,49370,31.56.67.150,81,1744145100.325296,1744145100.325296,0.000001,0,1,0,-1.000,1460,0,0.00
89.148.213.3,38807,45.224.5.133,3690,1744145100.325248,1744145100.325248,0.000001,0,1,0,-1.000,1460,0,0.00
84.182.89.167,30103,243.181.113.131,18333,1744145100.325243,1744145100.325243,0.000001,0,1,0,-1.000,1460,0,0.00
193.235.111.64,61014,198.216.178.203,2000,1744145100.325210,1744145100.325210,0.000001,0,1,0,-1.000,1460,0,0.00
214.251.26.165,58914,106.121.67.150,443,1744145100.325114,1744145100.325114,0.000001,0,1,0,-1.000,1412,0,0.00
178.151.32.18,39542,221.202.178.203,8002,1744145100.325113,1744145100.325113,0.000001,0,1,0,-1.000,1460,0,0.00
47.191.6.71,10864,164.194.5.133,53,1744145100.325092,1744145100.325092,0.000001,0,1,0,-1.000,1460,0,0.00
158.131.135.15,41156,52.20.28.133,4505,1744145100.325079,1744145100.325079,0.000001,0,1,0,-1.000,1460,0,0.00
26.190.178.203,49542,104.41.231.4,443,1744145100.325060,1744145100.325060,0.000001,0,1,0,-1.000,1400,0,0.00
84.243.21.3,55128,82.0.67.150,8071,1744145100.325027,1744145100.325027,0.000001,0,1,0,-1.000,1460,0,0.00
109.250.228.45,39334,249.23.67.150,443,1744145100.324915,1744145100.324915,0.000001,0,1,0,-1.000,-1,0,0.00
213.138.108.64,6095,222.162.24.202,80,1744145100.324840,1744145100.324840,0.000001,138,1,0,-1.000,-1,0,1104000000.00
223.236.83.154,45567,98.197.152.202,81,1744145100.324807,1744145100.324807,0.000001,0,1,0,-1.000,-1,0,0.00
247.107.149.20,44420,219.200.152.202,111,1744145100.324780,1744145100.324780,0.000001,0,1,0,-1.000,-1,0,0.00
70.13.157.165,43378,52.136.178.203,1433,1744145100.324769,1744145100.324769,0.000001,0,1,0,-1.000,-1,0,0.00
148.61.38.18,60893,2.214.5.133,6446,1744145100.324761,1744145100.324761,0.000001,0,1,0,-1.000,1460,0,0.00
88.76.71.195,53169,243.159.178.203,47001,1744145100.324696,1744145100.324696,0.000001,0,1,0,-1.000,1460,0,0.00
115.170.164.185,47655,95.57.67.150,41443,1744145100.324665,1744145100.324665,0.000001,0,1,0,-1.000,-1,0,0.00
19.196.247.118,46726,235.197.152.202,23,1744145100.324471,1744145100.324471,0.000001,0,1,0,-1.000,1460,0,0.00
169.32.161.83,61000,167.145.178.203,22274,1744145100.324384,1744145100.324384,0.000001,0,1,0,-1.000,-1,0,0.00
69.229.10.206,23676,110.77.164.163,31749,1744145100.324320,1744145100.324320,0.000001,0,1,0,-1.000,1460,0,0.00
149.236.14.192,65283,76.183.178.203,22,1744145100.324259,1744145100.325389,0.001130,1048,2,0,-1.000,-1,0,7419469.03
197.137.11.156,18072,135.181.178.203,830,1744145100.324091,1744145100.324091,0.000001,0,1,0,-1.000,-1,0,0.00
79.226.135.15,32250,107.203.5.133,8081,1744145100.323984,1744145100.323984,0.000001,0,1,0,-1.000,1460,0,0.00
65.229.10.206,57500,91.206.113.131,31346,1744145100.323943,1744145100.323943,0.000001,0,1,0,-1.000,1460,0,0.00
227.129.135.15,41487,24.191.164.163,3074,1744145100.323924,1744145100.323924,0.000001,0,1,0,-1.000,1460,0,0.00
146.253.113.185,38638,94.0.5.133,443,1744145100.323886,1744145100.323886,0.000001,0,1,0,-1.000,1460,0,0.00
202.212.156.198,49292,39.3.67.150,1080,1744145100.323877,1744145100.323877,0.000001,0,1,0,-1.000,1460,0,0.00
66.229.10.206,29581,165.128.67.150,29046,1744145100.323797,1744145100.323797,0.000001,0,1,0,-1.000,1460,0,0.00
75.83.3.47,57398,0.2.67.150,443,1744145100.323772,1744145100.323772,0.000001,0,1,0,-1.000,1460,0,0.00
223.236.83.154,47417,88.191.178.203,81,1744145100.323755,1744145100.323755,0.000001,0,1,0,-1.000,-1,0,0.00
97.251.228.45,39833,250.157.67.150,10000,1744145100.323739,1744145100.323739,0.000001,0,1,0,-1.000,-1,0,0.00
55.186.178.203,443,3.86.149.18,50276,1744145100.323687,1744145100.323687,0.000001,333,1,0,-1.000,-1,0,2664000000.00
150.20.0.185,47918,44.190.178.203,443,1744145100.323656,1744145100.323656,0.000001,381,1,0,-1.000,-1,0,3048000000.00
166.244.158.141,55182,27.228.5.133,8728,1744145100.323643,1744145100.323643,0.000001,0,1,0,-1.000,-1,0,0.00
196.42.134.104,56096,51.35.148.202,22994,1744145100.323624,1744145100.323624,0.000001,0,1,0,-1.000,-1,0,0.00
234.121.88.162,443,21.214.67.150,53392,1744145100.323577,1744145100.323577,0.000001,34,1,0,-1.000,-1,0,272000000.00
45.53.15.133,58962,212.115.61.116,443,1744145100.323574,1744145100.323574,0.000001,0,1,0,-1.000,-1,0,0.00
142.33.161.83,53470,2.49.164.163,6789,1744145100.323507,1744145100.323507,0.000001,0,1,0,-1.000,-1,0,0.00
178.89.39.18,57110,115.191.178.203,8001,1744145100.323434,1744145100.323434,0.000001,0,1,0,-1.000,1460,0,0.00
236.208.81.205,50034,124.115.67.150,52200,1744145100.323378,1744145100.323378,0.000001,0,1,0,-1.000,1460,0,0.00
196.151.67.20,37696,5.6.5.133,7473,1744145100.323058,1744145100.323058,0.000001,0,1,0,-1.000,-1,0,0.00
136.170.164.185,58229,128.168.164.163,22,1744145100.322952,1744145100.322952,0.000001,0,1,0,-1.000,1460,0,0.00
53.59.66.20,47879,0.254.5.133,18245,1744145100.322920,1744145100.322920,0.000001,0,1,0,-1.000,-1,0,0.00
249.178.67.150,50412,200.70.18.20,443,1744145100.322904,1744145100.322904,0.000001,0,1,0,-1.000,-1,0,0.00
38.99.187.146,443,111.150.67.150,54315,1744145100.322894,1744145100.322957,0.000063,0,2,0,-1.000,-1,0,0.00
96.174.2.47,54717,129.198.5.133,4343,1744145100.322892,1744145100.322892,0.000001,0,1,0,-1.000,1460,0,0.00
208.121.202.172,37727,247.235.178.203,8040,1744145100.322732,1744145100.322732,0.000001,0,1,0,-1.000,-1,0,0.00
208.121.202.172,56331,48.181.178.203,8040,1744145100.322724,1744145100.322724,0.000001,0,1,0,-1.000,-1,0,0.00
52.126.96.18,39413,75.56.67.150,49192,1744145100.322650,1744145100.322650,0.000001,0,1,0,-1.000,1460,0,0.00
115.220.152.202,44443,168.250.152.92,58666,1744145100.322631,1744145100.322708,0.000077,0,2,0,-1.000,-1,0,0.00
156.205.173.157,63977,58.6.23.114,443,1744145100.322619,1744145100.322619,0.000001,39,1,0,-1.000,-1,0,312000000.00
212.115.61.116,443,45.53.15.133,58962,1744145100.322585,1744145100.322585,0.000001,136,1,0,-1.000,-1,0,1088000000.00
115.220.152.202,44443,168.250.152.92,1489,1744145100.322538,1744145100.322538,0.000001,0,1,0,-1.000,-1,0,0.00
158.49.134.104,50920,169.160.178.203,999,1744145100.322343,1744145100.322343,0.000001,0,1,0,-1.000,1460,0,0.00
239.129.135.15,37806,8.65.28.133,8406,1744145100.322321,1744145100.322321,0.000001,0,1,0,-1.000,1460,0,0.00
24.170.101.187,63293,217.35.5.133,445,1744145100.322305,1744145100.322305,0.000001,0,1,0,-1.000,1440,0,0.00
47.191.6.71,26366,228.158.178.203,5009,1744145100.322303,1744145100.322303,0.000001,0,1,0,-1.000,1460,0,0.00
41.87.123.196,49600,27.205.67.150,1080,1744145100.322299,1744145100.322299,0.000001,0,1,0,-1.000,-1,0,0.00
230.131.70.162,26903,41.183.178.203,12352,1744145100.322295,1744145100.322295,0.000001,0,1,0,-1.000,1460,0,0.00
16.57.28.219,61020,139.205.112.131,443,1744145100.322252,1744145100.337034,0.014782,568,12,0,-1.000,-1,0,307400.89
123.131.70.162,52388,200.164.24.202,20548,1744145100.322212,1744145100.322212,0.000001,10,1,0,-1.000,-1,0,80000000.00
243.167.119.5,54204,228.226.67.150,80,1744145100.322161,1744145100.322161,0.000001,0,1,0,-1.000,-1,0,0.00
113.194.28.133,110,144.21.140.211,36600,1744145100.322141,1744145100.322141,0.000001,0,1,0,-1.000,-1,0,0.00
157.57.135.211,35828,171.55.67.150,23,1744145100.322097,1744145100.322097,0.000001,0,1,0,-1.000,-1,0,0.00
140.121.139.180,12037,99.136.178.203,23,1744145100.322068,1744145100.322068,0.000001,0,1,0,-1.000,-1,0,0.00
158.131.135.15,44464,227.218.152.202,4505,1744145100.321931,1744145100.321931,0.000001,0,1,0,-1.000,1460,0,0.00
148.61.38.18,58031,70.241.152.202,6446,1744145100.321904,1744145100.321904,0.000001,0,1,0,-1.000,1460,0,0.00
224.115.207.193,49721,209.91.67.150,8734,1744145100.321832,1744145100.321832,0.000001,0,1,0,-1.000,1460,0,0.00
193.236.83.154,57519,47.183.67.150,80,1744145100.321690,1744145100.321690,0.000001,0,1,0,-1.000,-1,0,0.00
124.66.123.196,55562,102.51.164.163,8282,1744145100.321670,1744145100.321670,0.000001,0,1,0,-1.000,-1,0,0.00
5.44.68.96,13227,147.172.28.133,80,1744145100.321612,1744145100.321612,0.000001,0,1,0,-1.000,-1,0,0.00
14.66.222.147,56948,253.155.164.163,37443,1744145100.321583,1744145100.321583,0.000001,0,1,0,-1.000,1460,0,0.00
247.107.149.20,60359,62.210.152.202,111,1744145100.321563,1744145100.321563,0.000001,0,1,0,-1.000,-1,0,0.00
25.253.166.51,33238,93.56.67.150,443,1744145100.321513,1744145100.321983,0.000470,517,2,0,-1.000,-1,0,8800000.00
208.5.173.157,36522,19.104.67.60,443,1744145100.321508,1744145100.339605,0.018097,5760,4,0,-1.000,-1,0,2546278.39
38.99.187.146,443,21.178.67.150,63984,1744145100.321412,1744145100.322790,0.001378,0,3,0,-1.000,-1,0,0.00
33.56.67.150,25158,199.72.110.52,5061,1744145100.321403,1744145100.321403,0.000001,567,1,0,-1.000,-1,0,4536000000.00
166.244.158.141,55809,0.234.178.203,8728,1744145100.321370,1744145100.321370,0.000001,0,1,0,-1.000,-1,0,0.00
119.0.124.194,39264,163.246.5.133,5900,1744145100.321264,1744145100.321264,0.000001,0,1,0,-1.000,1460,0,0.00
158.246.6.171,26565,109.120.15.133,445,1744145100.321196,1744145100.321196,0.000001,0,1,0,-1.000,1440,0,0.00
227.129.135.15,52143,218.0.67.150,3074,1744145100.321129,1744145100.321129,0.000001,0,1,0,-1.000,1460,0,0.00
196.151.67.20,50799,244.253.5.133,7473,1744145100.321076,1744145100.321076,0.000001,0,1,0,-1.000,-1,0,0.00
3.86.149.18,50276,55.186.178.203,443,1744145100.321018,1744145100.321018,0.000001,331,1,0,-1.000,-1,0,2648000000.00
57.19.42.116,57900,98.106.123.199,443,1744145100.321012,1744145100.321012,0.000001,0,1,0,-1.000,1440,0,0.00
193.236.83.154,51149,54.0.5.133,80,1744145100.321011,1744145100.321011,0.000001,0,1,0,-1.000,-1,0,0.00
42.14.50.139,2209,207.79.67.150,548,1744145100.320962,1744145100.320962,0.000001,0,1,0,-1.000,-1,0,0.00
152.246.67.150,53574,179.253.33.104,443,1744145100.320960,1744145100.320960,0.000001,0,1,0,-1.000,-1,0,0.00
102.186.7.92,40645,54.87.67.150,3386,1744145100.320932,1744145100.320932,0.000001,0,1,0,-1.000,-1,0,0.00
138.43.207.61,35041,116.194.152.202,80,1744145100.320884,1744145100.320884,0.000001,0,1,0,-1.000,1410,0,0.00
29.199.211.162,35382,60.239.178.203,15122,1744145100.320815,1744145100.320815,0.000001,0,1,0,-1.000,-1,0,0.00
201.66.222.147,49370,2.218.178.203,81,1744145100.320772,1744145100.320772,0.000001,0,1,0,-1.000,1460,0,0.00
170.230.10.206,4602,120.243.178.203,44819,1744145100.320661,1744145100.320661,0.000001,0,1,0,-1.000,1460,0,0.00
83.134.36.18,45606,123.236.5.133,5061,1744145100.320655,1744145100.320655,0.000001,0,1,0,-1.000,1460,0,0.00
50.175.28.133,64412,179.215.41.104,443,1744145100.320590,1744145100.341925,0.021335,600,6,0,-1.000,1460,0,224982.42
80.16.176.126,63409,173.28.113.131,443,1744145100.320584,1744145100.334938,0.014354,168,3,0,-1.000,-1,0,93632.44
139.91.97.18,34409,201.27.5.133,446,1744145100.320417,1744145100.320417,0.000001,0,1,0,-1.000,1460,0,0.00
212.191.47.195,25374,124.181.178.203,830,1744145100.320411,1744145100.320411,0.000001,17,1,0,-1.000,-1,0,136000000.00
76.12.53.164,443,96.118.67.150,13938,1744145100.320272,1744145100.320380,0.000108,74,4,0,-1.000,-1,0,5481481.48
114.179.102.87,60211,84.162.24.202,587,1744145100.320270,1744145100.320270,0.000001,0,1,0,-1.000,1460,0,0.00
250.123.211.3,40379,234.94.67.150,93,1744145100.320144,1744145100.320144,0.000001,0,1,0,-1.000,1460,0,0.00
3.214.67.150,50914,3.119.112.52,443,1744145100.320111,1744145100.320111,0.000001,0,1,0,-1.000,-1,0,0.00
106.124.5.70,48669,16.197.5.133,8080,1744145100.320038,1744145100.320038,0.000001,0,1,0,-1.000,-1,0,0.00
209.191.47.195,50930,4.181.178.203,830,1744145100.319982,1744145100.319982,0.000001,0,1,0,-1.000,-1,0,0.00
65.32.161.83,55634,14.134.178.203,8888,1744145100.319934,1744145100.319934,0.000001,0,1,0,-1.000,-1,0,0.00
100.153.100.126,12933,247.204.112.131,993,1744145100.319855,1744145100.319855,0.000001,40,1,0,-1.000,-1,0,320000000.00
27.181.178.203,53,129.69.0.51,59926,1744145100.319748,1744145100.319748,0.000001,0,1,0,-1.000,1220,0,0.00
111.197.15.14,45548,104.221.13.202,43,1744145100.319618,1744145100.320097,0.000479,27,2,0,-1.000,-1,0,450939.46
129.69.0.51,59926,27.181.178.203,53,1744145100.319544,1744145100.319544,0.000001,0,1,0,0.204,1410,0,0.00
239.129.135.15,43922,168.164.24.202,8406,1744145100.319497,1744145100.319497,0.000001,0,1,0,-1.000,1460,0,0.00
42.249.155.175,18335,248.104.123.199,443,1744145100.319488,1744145100.319488,0.000001,0,1,0,-1.000,1452,0,0.00
208.5.173.157,13494,19.104.67.60,443,1744145100.319428,1744145100.319428,0.000001,1440,1,0,-1.000,-1,0,11520000000.00
111.128.163.73,29616,136.106.112.131,79,1744145100.319416,1744145100.319416,0.000001,0,1,0,-1.000,536,0,0.00
60.213.121.118,57456,189.202.152.202,23,1744145100.319226,1744145100.319226,0.000001,0,1,0,-1.000,-1,0,0.00
86.182.89.167,14844,73.162.164.163,4841,1744145100.319211,1744145100.319211,0.000001,0,1,0,-1.000,1460,0,0.00
205.191.47.195,42285,155.163.178.203,15904,1744145100.319200,1744145100.319200,0.000001,0,1,0,-1.000,1460,0,0.00
46.122.89.23,40123,71.80.67.150,3389,1744145100.319063,1744145100.319063,0.000001,0,1,0,-1.000,-1,0,0.00
24.3.89.197,58232,52.132.67.150,23,1744145100.319062,1744145100.319062,0.000001,0,1,0,-1.000,-1,0,0.00
241.123.110.185,57205,241.172.67.150,8989,1744145100.318980,1744145100.318980,0.000001,0,1,0,-1.000,-1,0,0.00
90.182.89.167,45056,160.211.5.133,2096,1744145100.318945,1744145100.318945,0.000001,0,1,0,-1.000,1460,0,0.00
157.19.28.133,59784,126.201.115.91,443,1744145100.318926,1744145100.333500,0.014574,0,2,0,-1.000,-1,0,0.00
196.155.197.36,51414,248.104.123.199,443,1744145100.318898,1744145100.318898,0.000001,0,1,0,-1.000,1440,0,0.00
119.143.83.213,35004,135.253.178.203,5555,1744145100.318836,1744145100.318836,0.000001,0,1,0,-1.000,1460,0,0.00
50.175.28.133,64411,179.215.41.104,443,1744145100.318783,1744145100.341166,0.022383,600,7,0,-1.000,1460,0,214448.47
171.60.211.185,50855,58.122.67.150,23,1744145100.318767,1744145100.318767,0.000001,0,1,0,-1.000,-1,0,0.00
58.45.15.133,40961,11.9.43.65,80,1744145100.318759,1744145100.319780,0.001021,14000,9,0,-1.000,-1,0,109696376.10
136.170.164.185,44950,30.178.67.150,22,1744145100.318721,1744145100.318721,0.000001,0,1,0,-1.000,1460,0,0.00
172.230.10.206,8665,187.213.164.163,6005,1744145100.318682,1744145100.318682,0.000001,0,1,0,-1.000,1460,0,0.00
148.87.148.18,41144,204.195.67.150,50005,1744145100.318664,1744145100.318664,0.000001,0,1,0,-1.000,1460,0,0.00
187.34.236.89,59341,22.198.67.150,37278,1744145100.318661,1744145100.318661,0.000001,0,1,0,-1.000,-1,0,0.00
90.220.20.112,49052,1.31.5.133,23,1744145100.318612,1744145100.318612,0.000001,0,1,0,-1.000,1460,0,0.00
187.34.236.89,59341,221.167.67.150,8879,1744145100.318607,1744145100.318607,0.000001,0,1,0,-1.000,-1,0,0.00
154.115.207.193,56832,90.245.152.202,2455,1744145100.318605,1744145100.318605,0.000001,0,1,0,-1.000,1460,0,0.00
211.108.67.150,44972,76.12.53.164,443,1744145100.318553,1744145100.318553,0.000001,0,1,0,-1.000,-1,0,0.00
66.76.71.195,35375,135.164.24.202,80,1744145100.318543,1744145100.318543,0.000001,0,1,0,-1.000,1460,0,0.00
88.32.161.83,59327,200.151.67.150,22,1744145100.318539,1744145100.318539,0.000001,0,1,0,-1.000,-1,0,0.00
80.166.55.170,43035,102.207.5.133,8728,1744145100.318512,1744145100.318512,0.000001,0,1,0,-1.000,-1,0,0.00
36.89.112.221,1400,108.152.112.131,80,1744145100.318508,1744145100.318508,0.000001,0,1,0,-1.000,-1,0,0.00
104.42.209.81,19176,158.207.67.150,8080,1744145100.318506,1744145100.318506,0.000001,0,1,0,-1.000,-1,0,0.00
190.249.155.175,50439,248.104.123.199,443,1744145100.318351,1744145100.318351,0.000001,0,1,0,-1.000,1452,0,0.00
15.203.211.162,19292,36.73.67.150,54380,1744145100.318186,1744145100.318186,0.000001,0,1,0,-1.000,-1,0,0.00
95.33.161.83,51049,109.29.238.103,57094,1744145100.318160,1744145100.318160,0.000001,0,1,0,-1.000,-1,0,0.00
100.32.161.83,57218,180.242.5.133,33789,1744145100.318158,1744145100.318158,0.000001,0,1,0,-1.000,-1,0,0.00
93.1.61.119,18938,248.104.123.199,443,1744145100.318124,1744145100.318124,0.000001,0,1,0,-1.000,1400,0,0.00
108.102.197.91,32317,216.148.178.203,23,1744145100.318123,1744145100.318123,0.000001,0,1,0,-1.000,1460,0,0.00
168.96.212.172,52429,24.246.5.133,5631,1744145100.318035,1744145100.318035,0.000001,0,1,0,-1.000,-1,0,0.00
236.70.233.84,52729,167.164.24.202,54967,1744145100.318020,1744145100.318020,0.000001,139,1,0,-1.000,-1,0,1112000000.00
50.175.28.133,64410,179.215.41.104,443,1744145100.317976,1744145100.338812,0.020836,600,6,0,-1.000,1460,0,230370.51
190.165.24.202,15839,132.191.47.195,60416,1744145100.317941,1744145100.317941,0.000001,0,1,0,-1.000,-1,0,0.00
93.137.11.156,55638,77.193.152.202,5006,1744145100.317873,1744145100.317873,0.000001,0,1,0,-1.000,-1,0,0.00
167.230.10.206,7194,180.208.67.150,591,1744145100.317865,1744145100.317865,0.000001,0,1,0,-1.000,1460,0,0.00
202.162.89.167,43236,61.238.178.203,8080,1744145100.317821,1744145100.317821,0.000001,0,1,0,-1.000,1460,0,0.00
191.177.178.203,465,247.198.238.58,48269,1744145100.317623,1744145100.317623,0.000001,1448,1,0,-1.000,-1,0,11584000000.00
203.162.89.167,59693,33.53.5.133,20546,1744145100.317533,1744145100.317533,0.000001,0,1,0,-1.000,1460,0,0.00
72.115.207.193,58928,51.61.5.133,8401,1744145100.317508,1744145100.317508,0.000001,0,1,0,-1.000,1460,0,0.00
28.52.176.152,2563,111.180.178.203,80,1744145100.317470,1744145100.317470,0.000001,0,1,0,-1.000,-1,0,0.00
94.74.113.131,22,174.159.204.104,51941,1744145100.317406,1744145100.317406,0.000001,0,1,0,-1.000,-1,0,0.00
80.166.55.170,47050,138.203.152.202,8728,1744145100.317396,1744145100.317396,0.000001,0,1,0,-1.000,-1,0,0.00
30.195.196.3,59392,174.194.152.202,49171,1744145100.317392,1744145100.317392,0.000001,0,1,0,-1.000,1460,0,0.00
169.32.161.83,61000,21.12.164.163,22145,1744145100.317369,1744145100.317369,0.000001,0,1,0,-1.000,-1,0,0.00
187.34.236.89,59341,110.227.67.150,37270,1744145100.317362,1744145100.317362,0.000001,0,1,0,-1.000,-1,0,0.00
106.185.178.203,58215,170.216.126.153,1883,1744145100.317226,1744145100.317226,0.000001,0,1,0,-1.000,-1,0,0.00
29.199.211.162,35389,252.209.67.150,15122,1744145100.317202,1744145100.317202,0.000001,0,1,0,-1.000,-1,0,0.00
160.179.171.154,58344,112.165.24.202,10017,1744145100.317193,1744145100.317193,0.000001,247,1,0,-1.000,-1,0,1976000000.00
114.179.102.87,53741,211.164.24.202,587,1744145100.317145,1744145100.317145,0.000001,0,1,0,-1.000,-1,0,0.00
172.188.109.185,25090,54.224.178.203,79,1744145100.317117,1744145100.317117,0.000001,0,1,0,-1.000,-1,0,0.00
14.220.152.202,830,206.191.47.195,19116,1744145100.317116,1744145100.317116,0.000001,460,1,0,-1.000,-1,0,3680000000.00
104.185.178.203,48220,170.216.126.153,1883,1744145100.317062,1744145100.317062,0.000001,0,1,0,-1.000,-1,0,0.00
104.185.178.203,55520,170.216.126.153,1883,1744145100.317061,1744145100.317061,0.000001,0,1,0,-1.000,-1,0,0.00
160.162.89.167,16187,88.231.152.202,48870,1744145100.317040,1744145100.317040,0.000001,0,1,0,-1.000,1460,0,0.00
58.97.243.86,20851,20.4.67.150,23,1744145100.317002,1744145100.317002,0.000001,0,1,0,-1.000,536,0,0.00
46.75.14.14,56086,72.22.15.133,1433,1744145100.316996,1744145100.316996,0.000001,0,1,0,-1.000,-1,0,0.00
252.253.227.156,80,236.108.67.150,44580,1744145100.316946,1744145100.320023,0.003077,16384,5,0,-1.000,-1,0,42597335.07
11.9.43.65,80,58.45.15.133,40961,1744145100.316902,1744145100.316902,0.000001,25,1,0,-1.000,-1,0,200000000.00
62.45.74.185,52800,218.89.67.150,23,1744145100.316875,1744145100.316875,0.000001,0,1,0,-1.000,-1,0,0.00
36.241.20.147,45568,199.196.100.151,443,1744145100.316836,1744145100.316836,0.000001,0,1,0,-1.000,1460,0,0.00
80.166.55.170,60652,182.4.164.163,8728,1744145100.316813,1744145100.316813,0.000001,0,1,0,-1.000,-1,0,0.00
195.205.155.175,26963,248.104.123.199,443,1744145100.316776,1744145100.316776,0.000001,0,1,0,-1.000,1400,0,0.00
196.151.67.20,50403,2.33.5.133,7473,1744145100.316774,1744145100.316774,0.000001,0,1,0,-1.000,-1,0,0.00
208.5.173.157,48322,19.104.67.60,443,1744145100.316745,1744145100.316778,0.000033,2880,2,0,-1.000,-1,0,698181818.18
84.205.195.175,39569,70.172.178.203,23,1744145100.316744,1744145100.316744,0.000001,0,1,0,-1.000,1452,0,0.00
56.28.238.103,22714,111.32.161.83,59779,1744145100.316727,1744145100.316727,0.000001,0,1,0,-1.000,-1,0,0.00
208.5.173.157,19714,19.104.67.60,443,1744145100.316624,1744145100.316725,0.000101,4320,3,0,-1.000,-1,0,342178217.82
30.33.161.83,59798,166.29.238.103,30473,1744145100.316624,1744145100.316624,0.000001,0,1,0,-1.000,-1,0,0.00
142.33.161.83,53470,89.113.67.150,1111,1744145100.316528,1744145100.316528,0.000001,0,1,0,-1.000,-1,0,0.00
241.33.5.133,21845,42.60.26.165,57568,1744145100.316480,1744145100.316480,0.000001,0,1,0,-1.000,-1,0,0.00
28.119.8.220,27253,132.232.152.202,51007,1744145100.316446,1744145100.316446,0.000001,0,1,0,-1.000,1400,0,0.00
208.228.6.221,40001,205.44.5.133,1433,1744145100.316425,1744145100.316425,0.000001,0,1,0,-1.000,1220,0,0.00
67.166.55.170,54629,41.138.178.203,8728,1744145100.316346,1744145100.316346,0.000001,0,1,0,-1.000,-1,0,0.00
49.208.81.205,49546,186.163.24.202,427,1744145100.316196,1744145100.316196,0.000001,0,1,0,-1.000,1460,0,0.00
207.191.47.195,56077,64.35.67.150,15659,1744145100.316190,1744145100.316190,0.000001,0,1,0,-1.000,1460,0,0.00
0.24.170.35,48844,98.90.67.150,443,1744145100.316115,1744145100.316115,0.000001,0,1,0,-1.000,1460,0,0.00
106.185.178.203,54168,170.216.126.153,1883,1744145100.316078,1744145100.342884,0.026806,0,2,0,-1.000,-1,0,0.00
197.33.5.133,9023,54.20.102.212,54276,1744145100.316072,1744145100.316072,0.000001,0,1,0,-1.000,1460,0,0.00
62.45.74.185,33622,181.61.5.133,23,1744145100.316045,1744145100.316045,0.000001,0,1,0,-1.000,-1,0,0.00
63.29.238.103,60850,81.32.161.83,59845,1744145100.316009,1744145100.316009,0.000001,0,1,0,-1.000,-1,0,0.00
144.170.133.167,55885,88.195.28.133,443,1744145100.316001,1744145100.317487,0.001486,661,2,0,-1.000,-1,0,3558546.43
207.30.173.157,56566,119.80.94.43,8080,1744145100.315969,1744145100.315969,0.000001,423,1,0,-1.000,-1,0,3384000000.00
227.129.135.15,49008,134.219.152.202,3074,1744145100.315913,1744145100.315913,0.000001,0,1,0,-1.000,1460,0,0.00
182.1.124.194,39264,232.30.67.150,5900,1744145100.315900,1744145100.315900,0.000001,0,1,0,-1.000,1460,0,0.00
186.157.122.183,27743,31.248.152.202,23,1744145100.315848,1744145100.328792,0.012944,0,2,0,-1.000,-1,0,0.00
199.160.89.167,44290,191.251.5.133,60016,1744145100.315847,1744145100.315847,0.000001,0,1,0,-1.000,1460,0,0.00
179.49.192.3,46845,227.164.178.203,49204,1744145100.315769,1744145100.315769,0.000001,0,1,0,-1.000,1460,0,0.00
80.166.55.170,49230,178.14.164.163,8728,1744145100.315749,1744145100.315749,0.000001,0,1,0,-1.000,-1,0,0.00
81.32.161.83,59845,63.29.238.103,60850,1744145100.315708,1744145100.315708,0.000001,0,1,0,-1.000,-1,0,0.00
94.32.161.83,58676,233.250.5.133,3391,1744145100.315675,1744145100.315675,0.000001,0,1,0,-1.000,-1,0,0.00
165.230.10.206,38286,7.201.5.133,832,1744145100.315616,1744145100.315616,0.000001,0,1,0,-1.000,1460,0,0.00
220.153.2.87,52003,237.80.164.163,23,1744145100.315606,1744145100.334625,0.019019,0,4,0,-1.000,1452,0,0.00
106.139.15.133,22,53.243.98.43,47422,1744145100.315570,1744145100.321384,0.005814,524,2,0,-1.000,-1,0,721018.23
239.129.135.15,50266,100.174.67.150,8406,1744145100.315564,1744145100.315564,0.000001,0,1,0,-1.000,1460,0,0.00
42.60.26.165,57568,241.33.5.133,21845,1744145100.315559,1744145100.315559,0.000001,0,1,0,-1.000,-1,0,0.00
62.249.155.175,19629,248.104.123.199,443,1744145100.315534,1744145100.315534,0.000001,0,1,0,-1.000,1412,0,0.00
233.48.91.159,60000,202.35.164.163,2840,1744145100.315521,1744145100.315521,0.000001,0,1,0,-1.000,-1,0,0.00
211.108.67.150,36428,76.12.53.164,443,1744145100.315451,1744145100.315451,0.000001,0,1,0,-1.000,-1,0,0.00
156.73.2.202,5432,225.187.246.219,57808,1744145100.315424,1744145100.315424,0.000001,93,1,0,-1.000,-1,0,744000000.00
91.252.27.156,44344,21.219.178.203,8088,1744145100.315405,1744145100.315405,0.000001,0,1,0,-1.000,-1,0,0.00
220.45.44.126,33818,104.221.216.192,53,1744145100.315349,1744145100.315349,0.000001,0,1,0,-1.000,1460,0,0.00
144.138.89.207,26200,233.236.178.203,12300,1744145100.315343,1744145100.315343,0.000001,0,1,0,-1.000,1460,0,0.00
54.20.102.212,54276,197.33.5.133,9023,1744145100.315323,1744145100.315323,0.000001,0,1,0,0.749,1460,0,0.00
196.71.246.45,56038,129.62.67.150,31337,1744145100.315210,1744145100.315210,0.000001,0,1,0,-1.000,-1,0,0.00
63.186.144.39,52944,78.198.5.133,80,1744145100.315096,1744145100.334093,0.018997,308,3,0,-1.000,1412,0,129704.69
135.147.14.66,20012,187.230.178.203,18080,1744145100.315050,1744145100.315050,0.000001,0,1,0,-1.000,1460,0,0.00
50.175.28.133,64409,179.215.41.104,443,1744145100.314998,1744145100.335597,0.020599,600,6,0,-1.000,1460,0,233021.02
130.30.67.150,53873,158.84.206.130,443,1744145100.314920,1744145100.314920,0.000001,1,1,0,-1.000,-1,0,8000000.00
190.102.197.91,52952,177.41.67.150,4664,1744145100.314817,1744145100.314817,0.000001,0,1,0,-1.000,1460,0,0.00
93.137.11.156,55638,56.34.148.202,5005,1744145100.314791,1744145100.314791,0.000001,0,1,0,-1.000,-1,0,0.00
224.208.81.205,55410,92.231.152.202,4002,1744145100.314662,1744145100.314662,0.000001,0,1,0,-1.000,1460,0,0.00
247.198.238.58,48269,191.177.178.203,465,1744145100.314658,1744145100.314658,0.000001,0,1,0,-1.000,-1,0,0.00
60.244.158.141,60342,140.32.148.202,5555,1744145100.314653,1744145100.314653,0.000001,0,1,0,-1.000,-1,0,0.00
243.161.43.89,443,54.103.173.157,28090,1744145100.314632,1744145100.314632,0.000001,202,1,0,-1.000,-1,0,1616000000.00
157.203.197.36,6913,248.104.123.199,443,1744145100.314549,1744145100.314549,0.000001,0,1,0,-1.000,1460,0,0.00
131.53.14.52,35734,19.10.67.150,7443,1744145100.314460,1744145100.314460,0.000001,0,1,0,-1.000,1460,0,0.00
191.89.150.112,35807,151.168.178.203,23,1744145100.314455,1744145100.314455,0.000001,0,1,0,-1.000,1452,0,0.00
255.33.5.133,18208,246.43.192.3,59688,1744145100.314379,1744145100.314379,0.000001,0,1,0,-1.000,1460,0,0.00
30.33.161.83,59798,198.29.238.103,30473,1744145100.314330,1744145100.314330,0.000001,0,1,0,-1.000,-1,0,0.00
72.115.207.193,58026,106.232.178.203,8401,1744145100.314260,1744145100.314260,0.000001,0,1,0,-1.000,1460,0,0.00
139.91.97.18,50138,215.148.67.150,446,1744145100.314246,1744145100.314246,0.000001,0,1,0,-1.000,1460,0,0.00
189.66.222.147,55798,147.195.67.150,111,1744145100.314236,1744145100.314236,0.000001,0,1,0,-1.000,1460,0,0.00
166.84.67.150,65347,174.65.214.54,443,1744145100.314113,1744145100.314113,0.000001,55,1,0,-1.000,-1,0,440000000.00
88.21.221.45,8303,185.201.113.131,445,1744145100.314107,1744145100.314107,0.000001,0,1,0,-1.000,1412,0,0.00
43.190.178.203,443,156.225.241.182,9261,1744145100.314046,1744145100.314046,0.000001,0,1,0,-1.000,-1,0,0.00
166.84.67.150,64636,162.197.176.35,443,1744145100.314044,1744145100.314044,0.000001,55,1,0,-1.000,-1,0,440000000.00
166.131.28.133,51723,32.92.160.85,25,1744145100.314002,1744145100.314002,0.000001,0,1,0,-1.000,1460,0,0.00
196.42.134.104,36624,32.137.67.150,22994,1744145100.314000,1744145100.314000,0.000001,0,1,0,-1.000,-1,0,0.00
72.70.196.45,43566,54.132.178.203,23,1744145100.313878,1744145100.313878,0.000001,0,1,0,-1.000,-1,0,0.00
80.62.218.137,38054,255.204.112.131,25,1744145100.313855,1744145100.313887,0.000032,0,2,0,-1.000,-1,0,0.00
216.83.3.47,23337,135.71.164.163,8282,1744145100.313703,1744145100.313703,0.000001,0,1,0,-1.000,1460,0,0.00
209.59.67.150,443,165.153.231.52,8211,1744145100.313700,1744145100.314065,0.000365,24480,10,0,-1.000,-1,0,536547945.21
196.42.134.104,57776,82.163.164.163,22994,1744145100.313634,1744145100.313634,0.000001,0,1,0,-1.000,-1,0,0.00
246.43.192.3,59688,255.33.5.133,18208,1744145100.313590,1744145100.313590,0.000001,0,1,0,0.789,1460,0,0.00
67.166.55.170,60468,253.235.164.163,8728,1744145100.313574,1744145100.313574,0.000001,0,1,0,-1.000,-1,0,0.00
169.32.161.83,61000,200.16.67.150,22191,1744145100.313571,1744145100.313571,0.000001,0,1,0,-1.000,-1,0,0.00
81.227.254.117,32625,104.255.28.133,23,1744145100.313504,1744145100.313504,0.000001,0,1,0,-1.000,-1,0,0.00
194.21.29.211,57258,93.56.67.150,873,1744145100.313499,1744145100.315371,0.001872,0,9,0,-1.000,-1,0,0.00
66.167.4.36,19020,62.200.5.133,22,1744145100.313403,1744145100.313403,0.000001,0,1,0,-1.000,-1,0,0.00
117.32.161.83,47519,8.7.67.150,3791,1744145100.313381,1744145100.313381,0.000001,0,1,0,-1.000,-1,0,0.00
156.225.241.182,9261,43.190.178.203,443,1744145100.313250,1744145100.313299,0.000049,0,2,0,-1.000,-1,0,0.00
2.191.47.195,47969,93.230.164.163,15483,1744145100.313178,1744145100.313178,0.000001,0,1,0,-1.000,-1,0,0.00
160.252.27.156,56775,225.243.67.150,8000,1744145100.312989,1744145100.312989,0.000001,0,1,0,-1.000,-1,0,0.00
91.70.196.45,9962,196.33.5.133,23,1744145100.312913,1744145100.312913,0.000001,0,1,0,-1.000,-1,0,0.00
217.65.9.72,47963,50.197.67.150,443,1744145100.312853,1744145100.312853,0.000001,0,1,0,-1.000,1460,0,0.00
46.58.165.218,11678,93.28.238.103,22,1744145100.312841,1744145100.312841,0.000001,64,1,0,-1.000,-1,0,512000000.00
195.230.228.139,45482,90.44.5.133,10159,1744145100.312831,1744145100.312831,0.000001,0,1,0,-1.000,-1,0,0.00
91.182.89.167,45089,186.107.67.150,3306,1744145100.312771,1744145100.312771,0.000001,0,1,0,-1.000,1460,0,0.00
193.236.83.154,50568,128.232.152.202,80,1744145100.312749,1744145100.312749,0.000001,0,1,0,-1.000,-1,0,0.00
26.52.87.75,43294,110.87.164.163,23,1744145100.312691,1744145100.312691,0.000001,0,1,0,-1.000,1460,0,0.00
6.210.110.3,443,50.36.148.202,48300,1744145100.312613,1744145100.322252,0.009639,4310,5,0,-1.000,-1,0,3577134.56
184.162.24.202,22,104.96.97.92,34542,1744145100.312592,1744145100.315642,0.003050,280,2,0,-1.000,-1,0,734426.23
136.170.164.185,44951,30.178.67.150,22,1744145100.312569,1744145100.312569,0.000001,0,1,0,-1.000,1460,0,0.00
39.225.153.111,64676,96.165.24.202,1433,1744145100.312537,1744145100.312537,0.000001,41,1,0,-1.000,-1,0,328000000.00
6.65.164.163,47028,243.64.123.5,443,1744145100.312521,1744145100.312521,0.000001,0,1,0,-1.000,-1,0,0.00
91.252.27.156,50669,4.178.67.150,8088,1744145100.312448,1744145100.312448,0.000001,0,1,0,-1.000,-1,0,0.00
81.168.63.195,33278,77.204.15.133,80,1744145100.312426,1744145100.312426,0.000001,0,1,0,-1.000,-1,0,0.00
148.44.236.45,45189,142.185.67.150,15733,1744145100.312416,1744145100.312416,0.000001,0,1,0,-1.000,-1,0,0.00
142.33.161.83,53470,216.229.164.163,4171,1744145100.312295,1744145100.312295,0.000001,0,1,0,-1.000,-1,0,0.00
152.228.147.138,15897,216.180.178.203,80,1744145100.312291,1744145100.312291,0.000001,0,1,0,-1.000,1460,0,0.00
24.170.101.187,63263,184.58.5.133,445,1744145100.312259,1744145100.312259,0.000001,0,1,0,-1.000,1440,0,0.00
111.180.178.203,80,99.16.115.221,47186,1744145100.312170,1744145100.316049,0.003879,11040,4,0,-1.000,-1,0,22768754.83
72.190.161.107,51903,43.187.113.131,25,1744145100.312158,1744145100.312158,0.000001,6,1,0,-1.000,-1,0,48000000.00
95.198.5.133,60884,62.165.238.192,8443,1744145100.312125,1744145100.312392,0.000267,28,2,0,-1.000,-1,0,838951.31
22.83.21.47,52571,177.9.67.150,3004,1744145100.311928,1744145100.311928,0.000001,0,1,0,-1.000,1460,0,0.00
190.253.210.209,34757,204.104.123.199,443,1744145100.311902,1744145100.311902,0.000001,0,1,0,-1.000,1361,0,0.00
95.40.24.34,45432,142.16.67.150,5433,1744145100.311887,1744145100.311887,0.000001,0,1,0,-1.000,-1,0,0.00
50.175.28.133,64408,179.215.41.104,443,1744145100.311724,1744145100.335922,0.024198,600,6,0,-1.000,1460,0,198363.50
73.131.70.162,24639,120.249.67.150,20001,1744145100.311629,1744145100.311629,0.000001,0,1,0,-1.000,1460,0,0.00
133.125.80.43,8883,231.177.178.203,62687,1744145100.311417,1744145100.311417,0.000001,33,1,0,-1.000,-1,0,264000000.00
17.245.35.18,43014,240.255.67.150,1434,1744145100.311402,1744145100.311402,0.000001,0,1,0,-1.000,1460,0,0.00
50.175.28.133,64407,179.215.41.104,443,1744145100.311363,1744145100.343324,0.031961,637,8,0,-1.000,1460,0,159444.32
124.129.249.147,80,136.110.67.150,19940,1744145100.311169,1744145100.342445,0.031276,4400,5,0,-1.000,-1,0,1125463.61
191.66.222.147,51262,150.196.5.133,12694,1744145100.311160,1744145100.311160,0.000001,0,1,0,-1.000,1460,0,0.00
38.99.187.146,443,191.144.67.150,40412,1744145100.311117,1744145100.324513,0.013396,39,3,0,-1.000,-1,0,23290.53
234.12.106.45,1033,123.162.24.202,36158,1744145100.311023,1744145100.311023,0.000001,0,1,0,-1.000,-1,0,0.00
96.25.113.131,22,207.201.248.63,38453,1744145100.311003,1744145100.311003,0.000001,76,1,0,-1.000,-1,0,608000000.00
110.244.158.141,34111,93.88.67.150,5555,1744145100.310981,1744145100.310981,0.000001,0,1,0,-1.000,-1,0,0.00
8.88.34.18,50011,55.11.5.133,20,1744145100.310980,1744145100.310980,0.000001,0,1,0,-1.000,1460,0,0.00
229.131.70.162,34744,75.227.5.133,5530,1744145100.310976,1744145100.310976,0.000001,0,1,0,-1.000,1460,0,0.00
109.250.228.45,31145,49.83.67.150,8443,1744145100.310957,1744145100.310957,0.000001,0,1,0,-1.000,-1,0,0.00
67.166.55.170,51727,150.236.67.150,8728,1744145100.310899,1744145100.310899,0.000001,0,1,0,-1.000,-1,0,0.00
208.5.173.157,16740,19.104.67.60,443,1744145100.310862,1744145100.311445,0.000583,1024,2,0,-1.000,-1,0,14051457.98
83.134.36.18,45224,119.196.152.202,5061,1744145100.310810,1744145100.310810,0.000001,0,1,0,-1.000,1460,0,0.00
45.190.178.203,443,164.236.219.103,34148,1744145100.310807,1744145100.310807,0.000001,0,1,0,-1.000,-1,0,0.00
40.147.10.47,39616,129.58.67.150,2222,1744145100.310757,1744145100.310757,0.000001,0,1,0,-1.000,-1,0,0.00
60.244.158.141,35459,138.192.5.133,5555,1744145100.310687,1744145100.310687,0.000001,0,1,0,-1.000,-1,0,0.00
164.236.219.103,34148,45.190.178.203,443,1744145100.310677,1744145100.310677,0.000001,441,1,0,-1.000,-1,0,3528000000.00
184.80.2.113,58363,0.192.152.202,46247,1744145100.310670,1744145100.310670,0.000001,0,1,0,-1.000,1460,0,0.00
218.211.96.18,46127,220.236.67.150,2209,1744145100.310652,1744145100.310652,0.000001,0,1,0,-1.000,1460,0,0.00
89.131.249.116,53887,51.215.5.133,23,1744145100.310640,1744145100.310640,0.000001,0,1,0,-1.000,1440,0,0.00
255.36.148.202,51738,205.193.123.153,22,1744145100.310594,1744145100.328924,0.018330,42,3,0,17.540,1460,0,18330.61
29.83.3.47,59128,52.252.67.150,51005,1744145100.310575,1744145100.310575,0.000001,0,1,0,-1.000,1460,0,0.00
227.129.135.15,55053,243.161.67.150,3074,1744145100.310469,1744145100.310469,0.000001,0,1,0,-1.000,1460,0,0.00
113.204.46.126,62555,23.191.113.131,443,1744145100.310430,1744145100.343404,0.032974,0,13,0,-1.000,-1,0,0.00
197.33.5.133,9023,54.20.102.212,44600,1744145100.310425,1744145100.310425,0.000001,0,1,0,-1.000,-1,0,0.00
113.204.46.126,14933,23.191.113.131,443,1744145100.310411,1744145100.343436,0.033025,0,11,0,-1.000,-1,0,0.00
220.121.54.203,443,211.147.112.131,11546,1744145100.310410,1744145100.343825,0.033415,0,2,0,-1.000,-1,0,0.00
255.36.148.202,41040,165.128.13.44,443,1744145100.310367,1744145100.311595,0.001228,2354,2,0,-1.000,-1,0,15335504.89
93.56.67.150,47718,82.234.7.162,873,1744145100.310291,1744145100.334519,0.024228,0,7,0,-1.000,-1,0,0.00
45.146.241.128,80,53.108.67.150,55968,1744145100.310288,1744145100.332411,0.022123,10895,7,0,-1.000,-1,0,3939791.17
46.146.241.128,443,255.178.67.150,62324,1744145100.310225,1744145100.310225,0.000001,4035,1,0,-1.000,-1,0,32280000000.00
187.95.26.121,50041,29.98.113.131,23,1744145100.310177,1744145100.310177,0.000001,0,1,0,-1.000,1460,0,0.00
34.33.66.159,54024,66.162.67.150,8118,1744145100.310145,1744145100.310145,0.000001,0,1,0,-1.000,1460,0,0.00
41.149.126.183,40610,2.236.28.133,23,1744145100.310122,1744145100.310122,0.000001,0,1,0,-1.000,-1,0,0.00
122.226.179.109,14225,192.213.178.203,23,1744145100.310083,1744145100.310083,0.000001,0,1,0,-1.000,1360,0,0.00
183.226.12.193,37414,53.35.67.150,175,1744145100.309949,1744145100.309949,0.000001,0,1,0,-1.000,-1,0,0.00
131.53.14.52,38624,239.149.67.150,7443,1744145100.309925,1744145100.309925,0.000001,0,1,0,-1.000,1460,0,0.00
132.58.49.118,40706,102.165.24.202,264,1744145100.309920,1744145100.309920,0.000001,284,1,0,-1.000,-1,0,2272000000.00
179.253.33.104,443,152.246.67.150,53574,1744145100.309740,1744145100.309774,0.000034,848,2,0,-1.000,-1,0,199529411.76
29.199.211.162,42886,245.22.5.133,15122,1744145100.309725,1744145100.309725,0.000001,0,1,0,-1.000,-1,0,0.00
82.182.89.167,19912,202.130.178.203,5671,1744145100.309618,1744145100.309618,0.000001,0,1,0,-1.000,1460,0,0.00
85.35.173.157,49873,239.191.3.114,25510,1744145100.309524,1744145100.309524,0.000001,0,1,0,-1.000,-1,0,0.00
85.35.173.157,50000,239.191.3.114,25510,1744145100.309520,1744145100.309520,0.000001,0,1,0,-1.000,-1,0,0.00
124.66.222.147,51404,212.234.5.133,37777,1744145100.309519,1744145100.309519,0.000001,0,1,0,-1.000,1460,0,0.00
231.198.39.117,20650,161.248.5.133,23,1744145100.309512,1744145100.309639,0.000127,0,2,0,-1.000,-1,0,0.00
205.191.47.195,40326,223.32.67.150,15904,1744145100.309492,1744145100.309492,0.000001,0,1,0,-1.000,1460,0,0.00
98.65.173.80,60000,128.125.67.150,25055,1744145100.309462,1744145100.309462,0.000001,0,1,0,-1.000,-1,0,0.00
54.20.102.212,44600,197.33.5.133,9023,1744145100.309447,1744145100.309489,0.000042,0,2,0,-1.000,-1,0,0.00
227.129.135.15,54406,218.229.178.203,3074,1744145100.309351,1744145100.309351,0.000001,0,1,0,-1.000,1460,0,0.00
133.135.199.79,15196,51.57.186.130,3128,1744145100.309262,1744145100.309262,0.000001,0,1,0,-1.000,536,0,0.00
201.113.243.219,49509,149.200.152.202,23,1744145100.309128,1744145100.309128,0.000001,0,1,0,-1.000,1452,0,0.00
196.151.67.20,35352,27.32.5.133,7473,1744145100.309094,1744145100.309094,0.000001,0,1,0,-1.000,-1,0,0.00
143.138.89.207,26200,248.210.178.203,16004,1744145100.309090,1744145100.309090,0.000001,0,1,0,-1.000,1460,0,0.00
20.23.67.150,53680,162.168.52.163,5555,1744145100.309073,1744145100.309073,0.000001,0,1,0,-1.000,-1,0,0.00
38.99.187.146,443,57.30.67.150,51498,1744145100.309071,1744145100.309071,0.000001,0,1,0,-1.000,-1,0,0.00
26.239.112.126,63951,110.205.112.131,143,1744145100.309047,1744145100.309047,0.000001,0,1,0,-1.000,1460,0,0.00
20.23.67.150,53728,162.168.52.163,5555,1744145100.309029,1744145100.309029,0.000001,0,1,0,-1.000,-1,0,0.00
20.23.67.150,53732,162.168.52.163,5555,1744145100.309018,1744145100.309018,0.000001,0,1,0,-1.000,-1,0,0.00
50.36.148.202,48300,6.210.110.3,443,1744145100.309000,1744145100.318412,0.009412,314,4,0,-1.000,-1,0,266893.33
140.115.207.193,51286,141.194.152.202,771,1744145100.308937,1744145100.308937,0.000001,0,1,0,-1.000,1460,0,0.00
136.170.164.185,55075,161.193.178.203,22,1744145100.308928,1744145100.308928,0.000001,0,1,0,-1.000,1460,0,0.00
5.189.39.38,4853,98.149.164.163,23,1744145100.308721,1744145100.308721,0.000001,0,1,0,-1.000,1300,0,0.00
98.188.136.34,443,225.114.67.150,45918,1744145100.308612,1744145100.322760,0.014148,303,2,0,-1.000,-1,0,171331.64
74.117.66.176,40649,127.133.164.163,9000,1744145100.308608,1744145100.308608,0.000001,0,1,0,-1.000,-1,0,0.00
241.182.159.223,58124,77.182.178.203,23,1744145100.308441,1744145100.308441,0.000001,0,1,0,-1.000,-1,0,0.00
39.131.70.162,35314,84.162.24.202,8692,1744145100.308331,1744145100.308331,0.000001,0,1,0,-1.000,-1,0,0.00
208.5.173.157,38466,19.104.67.60,443,1744145100.308271,1744145100.308513,0.000242,2880,2,0,-1.000,-1,0,95206611.57
98.188.136.34,443,225.114.67.150,45806,1744145100.308204,1744145100.308204,0.000001,31,1,0,-1.000,-1,0,248000000.00
98.188.136.34,443,225.114.67.150,45850,1744145100.308190,1744145100.308190,0.000001,0,1,0,-1.000,-1,0,0.00
40.77.67.150,56279,74.243.131.20,443,1744145100.308152,1744145100.308401,0.000249,24,3,0,-1.000,-1,0,771084.34
12.212.156.198,49399,180.5.5.133,5061,1744145100.308148,1744145100.308148,0.000001,0,1,0,-1.000,1460,0,0.00
4.34.148.202,20001,56.80.166.80,57266,1744145100.308139,1744145100.308139,0.000001,31,1,0,-1.000,-1,0,248000000.00
55.186.178.203,80,48.97.212.49,53662,1744145100.308132,1744145100.323093,0.014961,1243912,150,0,-1.000,-1,1,665149121.05
98.188.136.34,443,225.114.67.150,45832,1744145100.308081,1744145100.308081,0.000001,0,1,0,-1.000,-1,0,0.00
158.131.135.15,51518,58.245.67.150,4505,1744145100.308076,1744145100.308076,0.000001,0,1,0,-1.000,1460,0,0.00
65.21.11.156,37296,10.217.164.163,8089,1744145100.308054,1744145100.308054,0.000001,0,1,0,-1.000,1412,0,0.00
238.129.135.15,43057,13.53.28.133,9037,1744145100.308030,1744145100.308030,0.000001,0,1,0,-1.000,1460,0,0.00
30.107.255.202,8572,96.106.123.199,443,1744145100.307940,1744145100.307940,0.000001,0,1,0,-1.000,1360,0,0.00
170.216.126.153,1883,106.185.178.203,58215,1744145100.307933,1744145100.335785,0.027852,871,2,0,-1.000,-1,0,250179.52
170.216.126.153,1883,104.185.178.203,55520,1744145100.307904,1744145100.335640,0.027736,871,2,0,-1.000,-1,0,251225.84
55.186.178.203,41294,145.236.238.38,873,1744145100.307894,1744145100.308259,0.000365,0,3,0,-1.000,-1,0,0.00
170.216.126.153,1883,104.185.178.203,48220,1744145100.307889,1744145100.335663,0.027774,871,2,0,-1.000,-1,0,250882.12
119.143.83.213,38795,254.26.67.150,5555,1744145100.307888,1744145100.307888,0.000001,0,1,0,-1.000,1460,0,0.00
72.229.10.206,14894,203.164.24.202,8476,1744145100.307856,1744145100.307856,0.000001,0,1,0,-1.000,-1,0,0.00
128.230.10.206,31190,73.229.152.202,20532,1744145100.307740,1744145100.307740,0.000001,0,1,0,-1.000,1460,0,0.00
225.187.246.219,57808,156.73.2.202,5432,1744145100.307614,1744145100.307665,0.000051,55,2,0,-1.000,-1,0,8627450.98
95.182.89.167,22197,136.209.5.133,465,1744145100.307610,1744145100.307610,0.000001,0,1,0,-1.000,1460,0,0.00
148.230.10.206,43874,116.117.67.150,26247,1744145100.307551,1744145100.307551,0.000001,0,1,0,-1.000,1460,0,0.00
61.66.227.17,443,198.184.178.203,53797,1744145100.307526,1744145100.337922,0.030396,27436,13,0,-1.000,-1,0,7220950.13
94.32.161.83,58676,172.250.5.133,3391,1744145100.307480,1744145100.307480,0.000001,0,1,0,-1.000,-1,0,0.00
50.175.28.133,64406,179.215.41.104,443,1744145100.307389,1744145100.343233,0.035844,637,9,0,-1.000,1460,0,142171.63
101.136.6.71,53166,246.197.152.202,139,1744145100.307361,1744145100.307361,0.000001,0,1,0,-1.000,1460,0,0.00
45.124.119.46,25758,36.235.152.202,2323,1744145100.307324,1744145100.307324,0.000001,0,1,0,-1.000,-1,0,0.00
130.230.10.206,63885,24.233.5.133,10932,1744145100.307220,1744145100.307220,0.000001,0,1,0,-1.000,1460,0,0.00
63.186.144.39,51419,78.198.5.133,80,1744145100.307149,1744145100.308153,0.001004,0,2,0,-1.000,-1,0,0.00
117.208.81.205,52905,234.170.67.150,9200,1744145100.307054,1744145100.307054,0.000001,0,1,0,-1.000,1460,0,0.00
89.182.89.167,26452,39.182.28.133,4840,1744145100.306978,1744145100.306978,0.000001,0,1,0,-1.000,1460,0,0.00
239.182.89.167,21652,5.5.67.150,17777,1744145100.306970,1744145100.306970,0.000001,0,1,0,-1.000,1460,0,0.00
239.129.135.15,59409,29.187.28.133,8406,1744145100.306968,1744145100.306968,0.000001,0,1,0,-1.000,1460,0,0.00
238.129.135.15,50983,6.165.67.150,9037,1744145100.306953,1744145100.306953,0.000001,0,1,0,-1.000,1460,0,0.00
112.32.161.83,48427,124.238.178.203,7654,1744145100.306951,1744145100.306951,0.000001,0,1,0,-1.000,-1,0,0.00
147.21.170.3,443,115.62.67.150,44611,1744145100.306950,1744145100.307079,0.000129,16472,6,0,-1.000,-1,0,1021519379.84
42.14.50.139,2209,143.113.164.163,873,1744145100.306909,1744145100.306909,0.000001,0,1,0,-1.000,-1,0,0.00
227.129.135.15,44987,94.41.67.150,3074,1744145100.306903,1744145100.306903,0.000001,0,1,0,-1.000,1460,0,0.00
119.78.192.3,47128,225.162.24.202,11680,1744145100.306900,1744145100.306900,0.000001,171,1,0,-1.000,-1,0,1368000000.00
170.216.126.153,1883,106.185.178.203,54168,1744145100.306830,1744145100.333571,0.026741,871,2,0,-1.000,-1,0,260573.65
119.78.192.3,38516,97.164.24.202,11680,1744145100.306802,1744145100.306802,0.000001,128,1,0,-1.000,-1,0,1024000000.00
118.141.11.185,13360,11.224.152.202,9160,1744145100.306796,1744145100.306796,0.000001,0,1,0,-1.000,-1,0,0.00
70.229.10.206,25948,118.231.67.150,51058,1744145100.306758,1744145100.306758,0.000001,0,1,0,-1.000,1460,0,0.00
68.232.9.1,45030,237.229.152.202,23,1744145100.306664,1744145100.306664,0.000001,0,1,0,-1.000,1452,0,0.00
26.206.157.185,873,93.56.67.150,41480,1744145100.306658,1744145100.306658,0.000001,904,1,0,-1.000,-1,0,7232000000.00
56.80.166.80,57266,4.34.148.202,20001,1744145100.306656,1744145100.307008,0.000352,137,2,0,-1.000,-1,0,3113636.36
76.12.53.164,443,211.108.67.150,44972,1744145100.306535,1744145100.306535,0.000001,39,1,0,-1.000,-1,0,312000000.00
40.186.7.92,44574,32.36.148.202,63540,1744145100.306493,1744145100.306493,0.000001,0,1,0,-1.000,-1,0,0.00
249.176.248.13,51302,69.165.24.202,6010,1744145100.306366,1744145100.306366,0.000001,0,1,0,-1.000,1460,0,0.00
238.177.63.128,41260,101.196.152.202,2375,1744145100.306361,1744145100.306361,0.000001,0,1,0,-1.000,-1,0,0.00
34.42.209.101,80,120.110.67.150,52610,1744145100.306268,1744145100.339227,0.032959,94663,27,0,-1.000,-1,0,22977153.43
238.129.135.15,35412,176.222.5.133,9037,1744145100.306265,1744145100.306265,0.000001,0,1,0,-1.000,1460,0,0.00
150.177.178.203,47068,94.234.53.149,8890,1744145100.306227,1744145100.306227,0.000001,0,1,0,-1.000,1460,0,0.00
255.178.67.150,53790,68.56.147.13,443,1744145100.306164,1744145100.323469,0.017305,1211,5,0,-1.000,-1,0,559838.20
169.32.161.83,61000,210.58.5.133,22321,1744145100.306162,1744145100.306162,0.000001,0,1,0,-1.000,-1,0,0.00
65.27.131.46,41527,152.34.186.130,3389,1744145100.306127,1744145100.306127,0.000001,0,1,0,-1.000,-1,0,0.00
228.127.24.103,55172,122.237.152.202,1433,1744145100.306106,1744145100.306106,0.000001,0,1,0,-1.000,-1,0,0.00
196.71.246.45,56038,183.108.67.150,5001,1744145100.306094,1744145100.306094,0.000001,0,1,0,-1.000,-1,0,0.00
119.78.192.3,47078,145.164.24.202,2000,1744145100.305927,1744145100.305927,0.000001,171,1,0,-1.000,-1,0,1368000000.00
160.252.27.156,56775,232.21.67.150,8000,1744145100.305926,1744145100.305926,0.000001,0,1,0,-1.000,-1,0,0.00
81.227.254.117,32625,26.45.28.133,23,1744145100.305884,1744145100.305884,0.000001,0,1,0,-1.000,-1,0,0.00
46.122.89.23,40123,70.240.67.150,3389,1744145100.305880,1744145100.305880,0.000001,0,1,0,-1.000,-1,0,0.00
242.104.149.20,60833,218.171.178.203,4443,1744145100.305848,1744145100.305848,0.000001,0,1,0,-1.000,-1,0,0.00
65.32.161.83,55634,106.249.152.202,5369,1744145100.305744,1744145100.305744,0.000001,0,1,0,-1.000,-1,0,0.00
233.41.248.222,44528,212.161.178.203,22,1744145100.305640,1744145100.305640,0.000001,0,1,0,-1.000,-1,0,0.00
14.66.222.147,56948,233.112.67.150,37443,1744145100.305621,1744145100.305621,0.000001,0,1,0,-1.000,1460,0,0.00
145.236.238.38,873,93.56.67.150,54939,1744145100.305596,1744145100.305628,0.000032,2736,2,0,-1.000,-1,0,684000000.00
167.244.158.141,35249,251.210.152.202,80,1744145100.305594,1744145100.305594,0.000001,0,1,0,-1.000,-1,0,0.00
48.97.212.49,53662,55.186.178.203,80,1744145100.305559,1744145100.330741,0.025182,281,88,0,-1.000,-1,0,89270.11
249.62.19.180,50692,29.133.186.130,47000,1744145100.305558,1744145100.305558,0.000001,0,1,0,-1.000,1452,0,0.00
142.33.161.83,53470,83.107.67.150,3393,1744145100.305525,1744145100.305525,0.000001,0,1,0,-1.000,-1,0,0.00
9.192.155.175,52994,248.104.123.199,443,1744145100.305492,1744145100.305492,0.000001,0,1,0,-1.000,1452,0,0.00
227.129.135.15,60965,150.130.178.203,3074,1744145100.305470,1744145100.305470,0.000001,0,1,0,-1.000,1460,0,0.00
46.122.89.23,40123,176.32.67.150,3389,1744145100.305468,1744145100.305468,0.000001,0,1,0,-1.000,-1,0,0.00
145.236.238.38,873,55.186.178.203,41294,1744145100.305463,1744145100.342996,0.037533,24624,9,0,-1.000,-1,0,5248501.32
170.204.160.74,20904,61.162.112.131,7777,1744145100.305420,1744145100.315860,0.010440,7240,5,0,-1.000,-1,0,5547892.72
208.5.173.157,47338,19.104.67.60,443,1744145100.305388,1744145100.310889,0.005501,5760,4,0,-1.000,-1,0,8376658.79
203.24.163.164,60000,181.125.164.163,7306,1744145100.305350,1744145100.305350,0.000001,0,1,0,-1.000,-1,0,0.00
50.175.28.133,64403,179.215.41.104,443,1744145100.305339,1744145100.331211,0.025872,511,6,0,-1.000,-1,0,158008.66
15.200.155.175,51671,248.104.123.199,443,1744145100.305329,1744145100.305329,0.000001,0,1,0,-1.000,1452,0,0.00
144.236.238.38,873,93.56.67.150,48596,1744145100.305321,1744145100.306432,0.001111,5472,3,0,-1.000,-1,0,39402340.23
54.13.206.23,443,244.243.67.150,51801,1744145100.305310,1744145100.305310,0.000001,0,1,0,-1.000,-1,0,0.00
137.230.10.206,18561,215.220.152.202,11051,1744145100.305307,1744145100.305307,0.000001,0,1,0,-1.000,1460,0,0.00
2.191.47.195,55547,122.58.164.163,15483,1744145100.305280,1744145100.305280,0.000001,0,1,0,-1.000,-1,0,0.00
99.85.67.150,56578,73.44.227.156,443,1744145100.305275,1744145100.305275,0.000001,0,1,0,-1.000,-1,0,0.00
249.178.67.150,50327,65.160.67.172,443,1744145100.305255,1744145100.341039,0.035784,0,8,0,-1.000,-1,0,0.00
249.178.67.150,50326,65.160.67.172,443,1744145100.305245,1744145100.341001,0.035756,0,7,0,-1.000,-1,0,0.00
249.178.67.150,50280,65.160.67.172,443,1744145100.305244,1744145100.340998,0.035754,0,7,0,-1.000,-1,0,0.00
208.5.173.157,21404,19.104.67.60,443,1744145100.305136,1744145100.305176,0.000040,2880,2,0,-1.000,-1,0,576000000.00
3.48.30.122,13281,54.19.5.133,23,1744145100.305115,1744145100.305115,0.000001,0,1,0,-1.000,-1,0,0.00
132.191.47.195,60416,190.165.24.202,15839,1744145100.305027,1744145100.305027,0.000001,0,1,0,-1.000,-1,0,0.00
34.106.123.196,51824,23.237.5.133,22,1744145100.305003,1744145100.305003,0.000001,0,1,0,-1.000,-1,0,0.00
46.83.3.47,19417,206.234.67.150,9088,1744145100.304996,1744145100.304996,0.000001,0,1,0,-1.000,1460,0,0.00
26.190.178.203,44598,84.198.96.40,443,1744145100.304992,1744145100.306670,0.001678,0,2,0,-1.000,-1,0,0.00
255.178.67.150,62324,46.146.241.128,443,1744145100.304952,1744145100.323516,0.018564,0,3,0,-1.000,-1,0,0.00
249.176.248.13,52790,183.164.24.202,6010,1744145100.304928,1744145100.304928,0.000001,0,1,0,-1.000,1460,0,0.00
50.175.28.133,64397,179.215.41.104,443,1744145100.304804,1744145100.310977,0.006173,37,3,0,-1.000,-1,0,47950.75
214.19.251.128,14022,158.162.178.203,57540,1744145100.304798,1744145100.305392,0.000594,0,5,0,-1.000,-1,0,0.00
164.15.67.150,58757,174.65.214.54,443,1744145100.304743,1744145100.304743,0.000001,0,1,0,-1.000,-1,0,0.00
181.44.67.150,993,220.244.168.203,39890,1744145100.304643,1744145100.304643,0.000001,318,1,0,-1.000,-1,0,2544000000.00
234.48.197.126,63665,130.2.112.131,53389,1744145100.304476,1744145100.304476,0.000001,0,1,0,-1.000,-1,0,0.00
158.131.135.15,46629,177.162.28.133,4505,1744145100.304443,1744145100.304443,0.000001,0,1,0,-1.000,1460,0,0.00
72.149.219.199,8092,125.235.152.202,50580,1744145100.304443,1744145100.304443,0.000001,0,1,0,-1.000,1460,0,0.00
53.108.67.150,55968,45.146.241.128,80,1744145100.304363,1744145100.343114,0.038751,0,3,0,-1.000,-1,0,0.00
227.129.135.15,34048,226.128.113.131,3074,1744145100.304232,1744145100.304232,0.000001,0,1,0,-1.000,1460,0,0.00
231.131.70.162,14479,15.28.5.133,30302,1744145100.304200,1744145100.304200,0.000001,0,1,0,-1.000,1460,0,0.00
50.175.28.133,64393,179.215.41.104,443,1744145100.304196,1744145100.304454,0.000258,0,2,0,-1.000,-1,0,0.00
118.177.120.115,25221,138.249.152.202,700,1744145100.304150,1744145100.304150,0.000001,0,1,0,-1.000,1460,0,0.00
125.16.22.106,36462,191.162.24.202,3389,1744145100.304118,1744145100.304118,0.000001,51,1,0,-1.000,-1,0,408000000.00
198.184.178.203,48410,242.166.4.31,443,1744145100.304117,1744145100.343661,0.039544,0,17,0,-1.000,-1,0,0.00
196.71.246.45,56038,84.38.67.150,7002,1744145100.304014,1744145100.304014,0.000001,0,1,0,-1.000,-1,0,0.00
88.111.70.103,40178,221.104.112.131,22,1744145100.303975,1744145100.303975,0.000001,0,1,0,-1.000,-1,0,0.00
142.33.161.83,53470,254.196.67.150,8803,1744145100.303966,1744145100.303966,0.000001,0,1,0,-1.000,-1,0,0.00
13.14.226.108,44788,192.165.24.202,27826,1744145100.303942,1744145100.303942,0.000001,68,1,0,-1.000,-1,0,544000000.00
139.230.10.206,47199,157.12.67.150,26472,1744145100.303932,1744145100.303932,0.000001,0,1,0,-1.000,1460,0,0.00
162.230.10.206,4468,100.24.5.133,44819,1744145100.303906,1744145100.303906,0.000001,0,1,0,-1.000,1460,0,0.00
81.10.63.160,43929,184.10.173.157,3128,1744145100.303902,1744145100.303902,0.000001,0,1,0,-1.000,-1,0,0.00
80.166.55.170,52241,159.181.178.203,8728,1744145100.303722,1744145100.303722,0.000001,0,1,0,-1.000,-1,0,0.00
65.115.207.193,55041,6.198.34.210,3890,1744145100.303669,1744145100.303669,0.000001,0,1,0,-1.000,1460,0,0.00
36.36.148.202,58400,202.190.125.52,443,1744145100.303574,1744145100.303613,0.000039,0,2,0,-1.000,-1,0,0.00
162.62.48.152,45826,217.164.24.202,1971,1744145100.303514,1744145100.303514,0.000001,11,1,0,-1.000,-1,0,88000000.00
50.175.28.133,64399,179.215.41.104,443,1744145100.303505,1744145100.319344,0.015839,410,4,0,-1.000,-1,0,207083.78
212.82.15.133,57386,232.152.236.37,443,1744145100.303249,1744145100.340359,0.037110,0,3,0,-1.000,-1,0,0.00
149.230.10.206,7396,99.231.178.203,53342,1744145100.303224,1744145100.303224,0.000001,0,1,0,-1.000,1460,0,0.00
62.165.238.192,8443,95.198.5.133,60884,1744145100.303166,1744145100.303166,0.000001,52,1,0,-1.000,-1,0,416000000.00
136.170.164.185,44140,134.10.5.133,22,1744145100.303105,1744145100.303105,0.000001,0,1,0,-1.000,1460,0,0.00
52.126.96.18,47091,177.75.67.150,49192,1744145100.303067,1744145100.303067,0.000001,0,1,0,-1.000,1460,0,0.00
230.182.89.167,23360,241.207.152.202,58450,1744145100.303019,1744145100.303019,0.000001,0,1,0,-1.000,1460,0,0.00
202.190.125.52,443,36.36.148.202,58400,1744145100.302947,1744145100.302979,0.000032,85,2,0,-1.000,-1,0,21250000.00
50.175.28.133,64405,179.215.41.104,443,1744145100.302921,1744145100.339840,0.036919,511,8,0,-1.000,1460,0,110728.89
7.214.67.150,58776,180.218.247.13,443,1744145100.302915,1744145100.302954,0.000039,268,2,0,-1.000,-1,0,54974358.97
99.16.115.221,47186,111.180.178.203,80,1744145100.302884,1744145100.306761,0.003877,0,2,0,-1.000,-1,0,0.00
62.45.74.185,40371,82.232.67.150,23,1744145100.302868,1744145100.302868,0.000001,0,1,0,-1.000,-1,0,0.00
177.206.98.18,33298,22.230.152.202,808,1744145100.302824,1744145100.302824,0.000001,0,1,0,-1.000,1460,0,0.00
147.160.89.167,1628,144.244.152.202,10252,1744145100.302806,1744145100.302806,0.000001,0,1,0,-1.000,1460,0,0.00
117.30.173.157,40912,33.117.236.173,443,1744145100.302763,1744145100.310723,0.007960,0,3,0,-1.000,-1,0,0.00
50.175.28.133,64398,179.215.41.104,443,1744145100.302744,1744145100.319763,0.017019,410,4,0,-1.000,-1,0,192725.78
72.229.10.206,59812,203.164.24.202,8476,1744145100.302718,1744145100.302718,0.000001,0,1,0,-1.000,1460,0,0.00
46.75.14.14,56086,11.22.15.133,1433,1744145100.302706,1744145100.302706,0.000001,0,1,0,-1.000,-1,0,0.00
100.45.5.133,587,114.179.102.87,49918,1744145100.302592,1744145100.302592,0.000001,75,1,0,-1.000,-1,0,600000000.00
122.27.93.45,43255,237.29.238.103,5327,1744145100.302538,1744145100.302538,0.000001,0,1,0,-1.000,-1,0,0.00
162.230.10.206,63024,68.192.164.163,2053,1744145100.302523,1744145100.302523,0.000001,0,1,0,-1.000,1460,0,0.00
232.152.236.37,443,212.82.15.133,57386,1744145100.302499,1744145100.339639,0.037140,10944,6,0,-1.000,-1,0,2357350.57
86.137.11.156,54390,176.84.67.150,8787,1744145100.302495,1744145100.302495,0.000001,0,1,0,-1.000,-1,0,0.00
235.81.110.64,61002,157.52.67.150,22,1744145100.302490,1744145100.302490,0.000001,0,1,0,-1.000,1460,0,0.00
142.33.161.83,53470,98.194.164.163,3380,1744145100.302461,1744145100.302461,0.000001,0,1,0,-1.000,-1,0,0.00
174.65.220.23,80,36.36.148.202,49208,1744145100.302459,1744145100.305090,0.002631,187,5,0,-1.000,1460,0,568605.09
113.204.46.126,34777,23.191.113.131,443,1744145100.302421,1744145100.334417,0.031996,0,10,0,-1.000,-1,0,0.00
250.123.211.3,43369,157.167.67.150,93,1744145100.302407,1744145100.302407,0.000001,0,1,0,-1.000,1460,0,0.00
232.120.228.1,34666,178.169.67.150,23,1744145100.302402,1744145100.302402,0.000001,0,1,0,-1.000,-1,0,0.00
112.32.161.83,48427,203.221.5.133,33898,1744145100.302388,1744145100.302388,0.000001,0,1,0,-1.000,-1,0,0.00
113.204.46.126,60601,23.191.113.131,443,1744145100.302371,1744145100.343478,0.041107,0,8,0,-1.000,-1,0,0.00
98.188.136.34,443,225.114.67.150,45928,1744145100.302369,1744145100.328344,0.025975,4722,4,0,-1.000,-1,0,1454321.46
136.170.164.185,44141,134.10.5.133,22,1744145100.302348,1744145100.302348,0.000001,0,1,0,-1.000,1460,0,0.00
64.149.219.199,17219,218.56.67.150,6881,1744145100.302302,1744145100.302302,0.000001,0,1,0,-1.000,1460,0,0.00
137.209.104.176,48785,94.72.113.131,23,1744145100.302252,1744145100.302252,0.000001,0,1,0,-1.000,1440,0,0.00
178.216.28.133,53242,229.253.65.172,443,1744145100.302201,1744145100.302722,0.000521,35,2,0,-1.000,-1,0,537428.02
82.234.7.162,873,93.56.67.150,47718,1744145100.302200,1744145100.326484,0.024284,23168,13,0,-1.000,-1,0,7632350.52
11.115.207.193,51283,122.255.152.202,8085,1744145100.302166,1744145100.302166,0.000001,0,1,0,-1.000,1460,0,0.00
158.162.178.203,57540,214.19.251.128,14022,1744145100.302133,1744145100.302587,0.000454,286,9,0,-1.000,-1,0,5039647.58
48.201.254.223,14489,172.149.178.203,23,1744145100.302092,1744145100.302092,0.000001,0,1,0,-1.000,-1,0,0.00
36.36.148.202,49208,174.65.220.23,80,1744145100.302065,1744145100.304720,0.002655,111,5,0,0.394,1460,0,334463.28
74.189.14.66,20012,34.55.5.133,18080,1744145100.301936,1744145100.301936,0.000001,0,1,0,-1.000,1460,0,0.00
169.32.161.83,61000,216.246.5.133,22188,1744145100.301931,1744145100.301931,0.000001,0,1,0,-1.000,-1,0,0.00
244.222.28.133,49203,228.52.17.18,35842,1744145100.301893,1744145100.301893,0.000001,0,1,0,-1.000,-1,0,0.00
38.99.187.146,443,42.133.67.150,37420,1744145100.301845,1744145100.315890,0.014045,39,3,0,-1.000,-1,0,22214.31
244.21.102.211,37119,99.197.113.131,8080,1744145100.301798,1744145100.301798,0.000001,0,1,0,-1.000,-1,0,0.00
208.5.173.157,11702,19.104.67.60,443,1744145100.301748,1744145100.341537,0.039789,7200,5,0,-1.000,-1,0,1447636.28
50.175.28.133,64394,179.215.41.104,443,1744145100.301722,1744145100.302212,0.000490,0,2,0,-1.000,-1,0,0.00
50.175.28.133,64396,179.215.41.104,443,1744145100.301607,1744145100.301834,0.000227,0,2,0,-1.000,-1,0,0.00
184.115.207.193,51236,230.203.178.203,17990,1744145100.301535,1744145100.301535,0.000001,0,1,0,-1.000,1460,0,0.00
65.160.67.172,443,249.178.67.150,50327,1744145100.301520,1744145100.342445,0.040925,38750,16,0,-1.000,-1,0,7574832.01
193.236.83.154,51739,9.115.67.150,80,1744145100.301486,1744145100.301486,0.000001,0,1,0,-1.000,-1,0,0.00
191.90.141.87,42291,242.165.24.202,8443,1744145100.301479,1744145100.301479,0.000001,14,1,0,-1.000,-1,0,112000000.00
222.6.45.104,443,99.108.67.150,53881,1744145100.301430,1744145100.342009,0.040579,16195,9,0,-1.000,-1,0,3192784.45
114.179.102.87,49918,100.45.5.133,587,1744145100.301411,1744145100.301411,0.000001,0,1,0,-1.000,-1,0,0.00
50.175.28.133,64400,179.215.41.104,443,1744145100.301376,1744145100.324585,0.023209,511,5,0,-1.000,-1,0,176138.57
196.42.134.104,54967,150.18.67.150,22994,1744145100.301372,1744145100.301372,0.000001,0,1,0,-1.000,-1,0,0.00
50.175.28.133,64402,179.215.41.104,443,1744145100.301299,1744145100.327240,0.025941,511,6,0,-1.000,-1,0,157588.37
238.188.197.36,7320,248.104.123.199,443,1744145100.301276,1744145100.301276,0.000001,0,1,0,-1.000,1400,0,0.00
76.12.53.164,443,211.108.67.150,36428,1744145100.301235,1744145100.301235,0.000001,0,1,0,-1.000,-1,0,0.00
83.85.76.71,45873,124.250.186.130,23,1744145100.301217,1744145100.301217,0.000001,0,1,0,-1.000,-1,0,0.00
181.44.67.150,993,151.94.114.49,53443,1744145100.301191,1744145100.301282,0.000091,271,2,0,-1.000,-1,0,23824175.82
186.82.242.47,55339,185.25.67.150,23,1744145100.301137,1744145100.329196,0.028059,0,2,0,-1.000,-1,0,0.00
45.211.10.96,853,154.177.178.203,11890,1744145100.301131,1744145100.303024,0.001893,1606,2,0,-1.000,-1,0,6787110.41
189.165.178.203,443,142.217.247.185,49337,1744145100.300988,1744145100.301052,0.000064,2351,2,0,-1.000,-1,0,293875000.00
182.166.183.220,14742,105.104.28.133,17001,1744145100.300964,1744145100.300964,0.000001,0,1,0,-1.000,-1,0,0.00
98.133.67.150,45752,233.126.88.162,443,1744145100.300959,1744145100.300959,0.000001,0,1,0,-1.000,-1,0,0.00
223.115.164.163,61864,23.120.88.162,443,1744145100.300943,1744145100.300943,0.000001,0,1,0,-1.000,-1,0,0.00
192.238.80.8,49011,118.50.67.150,8013,1744145100.300839,1744145100.300839,0.000001,0,1,0,-1.000,1460,0,0.00
191.177.178.203,465,41.63.94.64,54471,1744145100.300804,1744145100.300842,0.000038,3005,2,0,-1.000,-1,0,632631578.95
158.131.135.15,49227,8.185.178.203,4505,1744145100.300778,1744145100.300778,0.000001,0,1,0,-1.000,1460,0,0.00
206.191.47.195,19116,14.220.152.202,830,1744145100.300680,1744145100.300680,0.000001,48,1,0,-1.000,-1,0,384000000.00
50.175.28.133,64404,179.215.41.104,443,1744145100.300526,1744145100.333603,0.033077,637,9,0,-1.000,-1,0,154064.76
112.32.161.83,48427,199.250.178.203,3388,1744145100.300525,1744145100.300525,0.000001,0,1,0,-1.000,-1,0,0.00
208.121.202.172,43588,112.166.178.203,8040,1744145100.300515,1744145100.300515,0.000001,0,1,0,-1.000,-1,0,0.00
227.129.135.15,35651,57.201.178.203,3074,1744145100.300508,1744145100.300508,0.000001,0,1,0,-1.000,1460,0,0.00
104.103.173.157,7654,112.32.161.83,48427,1744145100.300491,1744145100.300491,0.000001,0,1,0,-1.000,-1,0,0.00
248.39.220.93,29985,93.56.67.150,443,1744145100.300477,1744145100.340987,0.040510,0,25,0,-1.000,-1,0,0.00
141.138.89.207,26200,40.236.178.203,13000,1744145100.300444,1744145100.300444,0.000001,0,1,0,-1.000,1460,0,0.00
45.190.178.203,443,85.21.52.124,47096,1744145100.300357,1744145100.326095,0.025738,3216,6,0,-1.000,-1,0,999611.47
65.160.67.172,443,249.178.67.150,50280,1744145100.300341,1744145100.342531,0.042190,52500,21,0,-1.000,-1,0,9954965.63
58.58.67.150,443,156.200.15.126,60948,1744145100.300324,1744145100.300324,0.000001,0,1,0,-1.000,-1,0,0.00
193.164.132.91,873,115.246.152.202,43230,1744145100.300291,1744145100.320491,0.020200,241816,76,0,-1.000,-1,0,95768712.87
109.250.228.45,13979,50.105.67.150,8443,1744145100.300146,1744145100.300146,0.000001,0,1,0,-1.000,-1,0,0.00
13.143.162.107,51224,160.164.24.202,22,1744145100.300118,1744145100.300118,0.000001,12,1,0,-1.000,-1,0,96000000.00
65.160.67.172,443,249.178.67.150,50326,1744145100.300113,1744145100.343529,0.043416,57500,23,0,-1.000,-1,0,10595172.29
68.29.67.150,64793,22.142.107.51,443,1744145100.300082,1744145100.300082,0.000001,212,1,0,-1.000,-1,0,1696000000.00
60.99.37.18,50040,21.194.152.202,50003,1744145100.300078,1744145100.300078,0.000001,0,1,0,-1.000,1460,0,0.00
50.175.28.133,64401,179.215.41.104,443,1744145100.300005,1744145100.323087,0.023082,511,6,0,-1.000,-1,0,177107.70
117.215.173.157,59142,157.114.219.37,183,1744145100.299923,1744145100.302643,0.002720,0,16,0,-1.000,-1,0,0.00
17.245.35.18,42067,109.19.5.133,1434,1744145100.299849,1744145100.299849,0.000001,0,1,0,-1.000,1460,0,0.00
50.175.28.133,64395,179.215.41.104,443,1744145100.299847,1744145100.300728,0.000881,0,2,0,-1.000,-1,0,0.00
158.160.89.167,52023,191.184.178.203,20546,1744145100.299796,1744145100.299796,0.000001,0,1,0,-1.000,1460,0,0.00
84.198.96.40,443,26.190.178.203,44598,1744145100.299781,1744145100.299781,0.000001,86,1,0,-1.000,-1,0,688000000.00
80.166.55.170,35725,83.56.5.133,8728,1744145100.299731,1744145100.299731,0.000001,0,1,0,-1.000,-1,0,0.00
199.234.152.202,22,183.56.195.186,35546,1744145100.299683,1744145100.299859,0.000176,52,2,0,-1.000,-1,0,2363636.36
242.166.4.31,443,198.184.178.203,48410,1744145100.299668,1744145100.340528,0.040860,30950,19,0,-1.000,-1,0,6059716.10
65.32.161.83,55634,99.71.164.163,6001,1744145100.299602,1744145100.299602,0.000001,0,1,0,-1.000,-1,0,0.00
106.197.30.142,443,237.110.67.150,50124,1744145100.299592,1744145100.328177,0.028585,44800,17,0,-1.000,-1,0,12538044.43
110.244.158.141,50916,199.199.67.150,5555,1744145100.299586,1744145100.299586,0.000001,0,1,0,-1.000,-1,0,0.00
75.190.161.107,44052,141.197.113.131,25,1744145100.299552,1744145100.299552,0.000001,0,1,0,-1.000,-1,0,0.00
161.27.95.8,43689,120.211.152.202,3080,1744145100.299500,1744145100.299500,0.000001,0,1,0,-1.000,1460,0,0.00
115.246.152.202,43230,193.164.132.91,873,1744145100.299489,1744145100.342982,0.043493,0,27,0,-1.000,-1,0,0.00
247.150.199.3,51530,117.201.152.202,8600,1744145100.299463,1744145100.299463,0.000001,0,1,0,-1.000,1460,0,0.00
154.199.60.192,41298,44.7.67.150,1433,1744145100.299410,1744145100.299410,0.000001,0,1,0,-1.000,-1,0,0.00
250.57.127.150,52690,210.150.186.130,8000,1744145100.299351,1744145100.299351,0.000001,0,1,0,-1.000,1412,0,0.00
157.114.219.37,183,117.215.173.157,59142,1744145100.299335,1744145100.301248,0.001913,38292,25,0,-1.000,-1,0,160133821.22
