SrcIP,SrcPort,DstIP,DstPort,SegmentSize,Count
28.108.57.185,16655,95.248.178.203,3389,24,1
137.121.91.194,58538,118.215.178.203,4443,20,1
206.91.197.191,32363,101.66.67.150,23,20,1
53.59.66.20,37359,114.205.5.133,18245,20,1
128.115.207.193,51258,165.224.178.203,6033,24,1
142.33.161.83,53470,25.99.67.150,3387,20,1
176.231.28.133,3389,207.22.249.45,43594,51,1
158.131.135.15,37527,202.163.67.150,4505,32,1
225.230.95.8,25204,2.95.164.163,4001,32,1
124.246.157.221,1024,89.11.67.150,23,20,1
230.6.67.150,53684,74.243.131.20,443,526,1
25.162.12.71,2211,194.159.178.203,34567,24,1
53.59.66.20,40130,40.49.5.133,18245,20,1
238.129.135.15,33885,98.67.67.150,9037,32,1
46.73.204.110,51947,18.217.164.163,88,20,1
239.129.135.15,39859,191.215.5.133,8406,32,1
49.36.148.202,46080,3.143.92.182,443,125,1
247.114.236.38,60000,86.29.238.103,53797,20,1
109.66.222.147,52648,59.100.113.131,5001,24,1
227.129.135.15,39543,101.149.67.150,3074,32,1
196.151.67.20,44418,59.42.5.133,7473,20,1
196.151.67.20,54926,79.244.5.133,7473,20,1
247.114.236.38,60000,63.29.238.103,53797,20,1
25.1.67.150,443,232.33.64.185,62470,40,1
198.184.178.203,53736,125.153.101.23,443,21,1
179.49.192.3,52647,151.19.5.133,49204,32,1
64.131.70.162,9633,139.202.67.150,2087,40,1
110.53.211.24,55191,118.122.67.150,23,20,1
69.182.89.167,46321,147.38.113.131,6443,40,1
93.28.238.103,22,46.58.165.218,11678,96,1
205.191.47.195,41267,27.223.67.150,15904,32,1
35.135.246.24,49274,154.168.15.133,23,20,1
141.191.47.195,48751,84.245.67.150,15384,20,1
74.138.28.133,22,49.58.165.218,58026,40,1
164.230.10.206,5579,98.237.178.203,2628,40,1
233.131.70.162,23389,235.148.178.203,51173,40,1
238.129.135.15,35375,75.218.5.133,9037,32,1
17.245.35.18,39213,48.179.67.150,1434,32,1
91.252.27.156,38951,192.178.178.203,8088,20,1
196.75.157.103,48806,180.217.28.133,22,80,1
97.59.179.103,54212,15.162.24.202,81,29,1
89.206.151.18,44000,27.255.178.203,9200,32,1
16.176.236.160,41678,40.25.15.133,3129,20,1
131.222.211.3,56935,57.246.67.150,32768,32,1
55.186.178.203,80,164.158.38.78,52984,40,1
159.199.76.109,49961,22.187.178.203,3124,32,1
180.175.53.175,42380,144.248.5.133,23,40,1
249.115.207.193,55163,91.9.5.133,7999,24,1
135.230.10.206,57531,82.90.164.163,42799,40,1
50.175.28.133,64415,179.215.41.104,443,32,1
143.236.163.59,38065,102.224.178.203,23,40,1
134.115.207.193,50395,49.244.178.203,5904,24,1
142.33.161.83,53470,56.59.5.133,3398,20,1
81.8.177.46,2604,143.164.24.202,42852,251,1
158.150.27.122,24717,56.27.5.133,23,20,1
40.172.108.65,58956,96.106.123.199,443,44,1
67.166.55.170,40638,164.14.67.150,8728,20,1
84.141.67.150,50215,74.243.131.20,443,44,1
65.32.161.83,55634,152.229.178.203,5367,20,1
15.190.197.36,63296,248.104.123.199,443,44,1
110.244.158.141,55418,148.185.178.203,5555,20,1
92.169.93.185,36836,227.195.152.202,80,20,1
193.236.83.154,58686,16.150.67.150,80,20,1
106.115.207.193,58819,15.155.67.150,2107,24,1
94.137.11.156,56099,212.3.5.133,5005,20,1
109.102.197.91,3323,159.233.178.203,5080,40,1
94.175.2.47,19737,13.139.67.150,9200,32,1
107.69.72.211,34607,95.19.164.163,23,32,1
118.177.120.115,7816,14.206.178.203,1720,24,1
224.250.97.108,62327,101.5.113.131,34567,24,1
40.233.72.147,873,55.186.178.203,34108,1480,2
40.233.72.147,873,55.186.178.203,34108,5824,1
196.71.246.45,56038,184.207.67.150,10000,20,1
68.105.228.139,61000,16.56.5.133,15000,24,1
148.228.43.65,183,117.215.173.157,45824,2756,1
148.228.43.65,183,117.215.173.157,45824,2768,2
148.228.43.65,183,117.215.173.157,45824,1400,42
51.114.113.131,34144,203.164.238.192,443,1109,1
51.114.113.131,34144,203.164.238.192,443,207,1
51.114.113.131,34144,203.164.238.192,443,106,1
51.114.113.131,34144,203.164.238.192,443,84,1
85.249.228.45,42894,146.162.24.202,7218,39,1
20.77.165.138,17500,128.153.173.157,23,20,1
75.131.70.162,38940,70.197.34.210,6001,40,1
117.32.161.83,47519,51.197.34.210,3113,20,1
161.158.2.47,56751,140.70.164.163,33395,20,1
187.34.236.89,59341,45.195.67.150,8482,20,1
224.53.15.133,443,22.136.102.110,25955,1432,2
224.53.15.133,443,22.136.102.110,25955,2832,2
203.177.178.203,443,232.33.64.185,21559,40,1
221.123.214.187,56476,212.204.5.133,1433,20,1
131.222.211.3,34401,182.165.24.202,32768,32,1
27.181.178.203,53,177.223.59.138,56844,40,1
111.197.15.14,45558,104.221.13.202,43,59,1
252.143.178.119,19909,207.209.5.133,23,20,1
177.223.59.138,56844,27.181.178.203,53,40,1
65.32.161.83,55634,16.37.5.133,7366,20,1
84.120.220.179,19700,115.208.152.202,23,24,1
164.158.38.78,52984,55.186.178.203,80,40,1
59.208.81.205,55891,78.180.67.150,3690,24,1
227.129.135.15,55288,212.19.113.131,3074,32,1
165.146.88.185,51617,83.139.164.163,37777,28,1
166.244.158.141,38869,184.4.67.150,8728,20,1
238.182.89.167,44150,170.248.5.133,5280,40,1
67.166.55.170,33995,59.15.67.150,8728,20,1
238.177.63.128,40505,114.255.152.202,2375,20,1
76.228.139.122,7121,114.54.164.163,23,20,1
37.19.8.117,48824,145.171.178.203,23,40,1
69.91.241.103,59429,3.35.67.150,23,20,1
158.131.135.15,48421,36.181.28.133,4505,32,1
196.27.169.95,60778,224.201.67.150,4153,20,1
191.182.89.167,55920,234.164.24.202,16548,20,1
46.122.89.23,40123,138.41.5.133,3389,20,1
39.227.217.81,50134,226.165.24.202,445,1370,1
60.244.158.141,44873,146.233.67.150,5555,20,1
80.166.55.170,54932,3.128.178.203,8728,20,1
39.142.247.118,46721,35.153.178.203,23,40,1
223.236.83.154,52682,3.73.67.150,81,20,1
168.96.212.172,42160,13.52.5.133,5631,20,1
187.34.236.89,59341,123.174.67.150,37362,20,1
187.34.236.89,59341,4.199.67.150,34565,20,1
187.34.236.89,59341,166.226.67.150,34544,20,1
175.42.56.200,30122,116.127.173.157,51911,40,1
239.129.135.15,49547,17.138.178.203,8406,32,1
12.246.55.121,15339,250.139.113.131,23,20,1
55.186.178.203,80,36.136.162.69,43116,1472,2
187.34.236.89,59341,109.221.67.150,37352,20,1
163.131.70.162,13577,45.223.5.133,35154,40,1
155.254.177.115,54052,218.20.67.150,23,40,1
92.182.89.167,52965,194.30.67.150,50001,40,1
148.228.43.65,183,117.215.173.157,40922,1400,2
166.244.158.141,56716,104.158.67.150,8728,20,1
98.159.25.95,42397,246.151.178.203,80,24,1
19.163.217.222,59280,145.216.178.203,22,40,1
245.162.24.202,43056,148.117.232.52,443,40,1
19.111.34.73,35485,175.208.15.192,5000,32,1
205.191.47.195,60349,207.249.5.133,15904,32,1
208.5.173.157,26890,19.104.67.60,443,1460,1
30.195.196.3,53806,208.208.67.150,49171,32,1
61.115.207.193,50353,135.128.178.203,445,24,1
145.195.171.98,23553,93.56.67.150,80,374,1
118.177.120.115,60699,100.171.178.203,20111,24,1
158.131.135.15,56564,33.244.164.163,4505,32,1
67.149.219.199,2245,241.84.164.163,502,40,1
53.59.66.20,58161,209.58.5.133,18245,20,1
187.34.236.89,59341,95.236.67.150,37351,20,1
207.163.243.70,60000,95.221.67.150,6649,20,1
158.208.81.205,55626,131.199.164.163,20257,24,1
187.34.236.89,59341,82.155.67.150,34548,20,1
43.32.161.83,34870,106.164.24.202,4444,135,1
33.115.207.193,47766,252.46.5.133,505,24,1
207.191.47.195,34183,193.130.178.203,15659,32,1
166.244.158.141,54743,124.235.178.203,8728,20,1
16.58.222.178,52241,167.164.24.202,54967,88,1
145.139.119.185,54123,75.162.24.202,3306,20,1
51.182.194.3,37382,191.218.178.203,49227,32,1
187.34.236.89,59341,190.174.67.150,37362,20,1
135.225.133.167,39572,206.252.164.163,2000,32,1
231.131.70.162,42976,60.230.5.133,10887,40,1
131.53.14.52,37256,210.77.67.150,7443,32,1
89.64.123.196,45065,3.198.34.210,22,20,1
93.137.11.156,55638,182.153.178.203,5005,20,1
203.24.163.164,60000,195.34.5.133,7318,20,1
29.199.211.162,54969,171.100.67.150,15122,20,1
141.191.47.195,46132,150.165.24.202,15383,40,1
40.186.7.92,44574,145.2.67.150,63561,20,1
248.212.156.198,55936,174.163.178.203,9092,24,1
67.166.55.170,33433,235.207.164.163,8728,20,1
36.230.10.206,42166,46.165.24.202,18080,42,1
132.191.47.195,48670,173.233.178.203,15839,20,1
89.148.213.3,35983,39.185.178.203,3690,32,1
181.88.108.60,35462,238.18.5.133,23,20,1
158.131.135.15,45995,82.85.67.150,4505,32,1
187.34.236.89,59341,29.227.67.150,8581,20,1
168.96.212.172,43777,58.34.5.133,5631,20,1
208.121.202.172,54912,198.249.178.203,8040,20,1
165.230.10.206,27277,124.255.164.163,1099,40,1
99.136.6.71,48127,119.253.152.202,445,24,1
246.43.192.3,37946,69.164.24.202,18208,40,1
142.33.161.83,53470,233.235.164.163,7777,20,1
215.68.186.130,443,199.52.156.64,63403,320,1
215.68.186.130,443,199.52.156.64,63403,339,1
83.28.218.137,57824,141.197.113.131,25,1480,1
83.28.218.137,57824,141.197.113.131,25,1232,1
52.7.155.162,443,186.133.113.131,64510,170,1
42.187.113.131,25,207.86.235.172,49893,46,1
158.131.135.15,57433,61.220.5.133,4505,32,1
168.96.212.172,49577,67.244.5.133,5631,20,1
187.34.236.89,59341,145.250.67.150,34393,20,1
238.177.63.128,34637,217.33.148.202,2375,20,1
86.182.89.167,60935,87.142.164.163,40000,40,1
12.208.81.205,53921,147.230.178.203,4433,24,1
62.45.74.185,55402,197.224.67.150,23,20,1
206.159.205.45,14573,98.92.67.150,23,20,1
168.96.212.172,40337,125.252.5.133,5631,20,1
91.36.148.202,3389,0.17.140.45,42292,51,1
168.96.212.172,60061,11.253.5.133,5631,20,1
65.32.161.83,55634,150.164.178.203,6802,20,1
209.228.155.175,35580,248.104.123.199,443,44,1
241.123.110.185,38878,26.216.67.150,8989,20,1
187.34.236.89,59341,110.205.67.150,8582,20,1
34.115.207.193,51120,191.250.67.150,3900,24,1
88.87.123.196,42950,58.29.5.133,3128,20,1
48.107.236.120,1455,53.108.67.150,55749,60,1
203.176.155.175,30932,248.104.123.199,443,44,1
200.141.20.47,52284,54.162.24.202,12540,40,1
112.171.204.104,61013,204.131.164.163,8001,24,1
88.87.123.196,42947,134.229.152.202,1080,20,1
216.253.67.184,443,175.15.67.150,33885,83,1
216.253.67.184,443,175.15.67.150,33885,124,1
1.33.161.83,59845,109.29.238.103,50478,20,1
146.253.113.185,33109,36.207.5.133,443,32,1
227.129.135.15,45138,3.231.164.163,3074,32,1
36.163.58.220,40920,37.175.67.150,63504,40,1
93.56.67.150,443,248.39.220.93,29985,672,1
93.56.67.150,443,248.39.220.93,29985,2940,4
93.56.67.150,443,248.39.220.93,29985,10969,1
93.56.67.150,443,248.39.220.93,29985,5129,3
93.56.67.150,443,248.39.220.93,29985,16807,1
93.56.67.150,443,248.39.220.93,29985,15349,1
93.56.67.150,443,248.39.220.93,29985,4400,1
93.56.67.150,443,248.39.220.93,29985,10238,1
93.56.67.150,443,248.39.220.93,29985,3669,2
93.56.67.150,443,248.39.220.93,29985,12429,1
93.56.67.150,443,248.39.220.93,29985,2209,1
93.56.67.150,443,248.39.220.93,29985,5860,3
93.56.67.150,443,248.39.220.93,29985,16078,2
93.56.67.150,443,248.39.220.93,29985,8049,7
93.56.67.150,443,248.39.220.93,29985,12421,1
93.56.67.150,443,248.39.220.93,29985,14620,1
93.56.67.150,443,248.39.220.93,29985,23380,1
93.56.67.150,443,248.39.220.93,29985,21920,1
93.56.67.150,443,248.39.220.93,29985,5814,1
93.56.67.150,443,248.39.220.93,29985,16080,1
93.56.67.150,443,248.39.220.93,29985,1480,2
93.56.67.150,443,248.39.220.93,29985,11415,1
93.56.67.150,443,248.39.220.93,29985,11700,2
93.56.67.150,443,248.39.220.93,29985,8780,1
93.56.67.150,443,248.39.220.93,29985,13160,3
93.56.67.150,443,248.39.220.93,29985,10240,2
55.186.178.203,80,11.14.125.133,44419,14200,1
55.186.178.203,80,11.14.125.133,44419,19352,1
55.186.178.203,80,11.14.125.133,44419,20640,3
55.186.178.203,80,11.14.125.133,44419,2608,3
55.186.178.203,80,11.14.125.133,44419,10336,1
55.186.178.203,80,11.14.125.133,44419,12912,1
55.186.178.203,80,11.14.125.133,44419,9048,2
55.186.178.203,80,11.14.125.133,44419,16776,1
55.186.178.203,80,11.14.125.133,44419,11624,1
55.186.178.203,80,11.14.125.133,44419,1320,6
55.186.178.203,80,11.14.125.133,44419,3896,5
55.186.178.203,80,11.14.125.133,44419,7760,6
55.186.178.203,80,11.14.125.133,44419,6472,4
55.186.178.203,80,11.14.125.133,44419,5184,5
119.78.192.3,60846,124.35.148.202,2000,205,1
83.134.36.18,33048,176.36.148.202,5061,32,1
46.36.148.202,22,203.70.64.200,36535,1016,1
69.89.50.100,16227,128.250.15.133,70,20,1
42.80.21.47,51027,125.26.67.150,3004,32,1
198.190.225.194,80,63.95.164.163,8411,36,1
63.115.207.193,55326,79.202.152.202,9300,24,1
194.240.143.60,52075,143.116.112.131,993,44,1
239.129.135.15,49143,125.151.67.150,8406,32,1
148.252.27.156,55697,233.214.5.133,5902,32,1
50.175.28.133,64414,179.215.41.104,443,121,1
50.175.28.133,64414,179.215.41.104,443,146,1
50.175.28.133,64414,179.215.41.104,443,32,1
207.191.47.195,53476,40.207.152.202,15659,32,1
92.169.93.185,45049,242.253.152.202,80,20,1
99.6.233.79,1328,141.6.113.131,70,24,1
203.70.64.200,36535,46.36.148.202,22,54,1
144.138.89.207,26200,120.202.178.203,6505,24,1
244.71.101.212,45617,80.30.112.131,445,20,1
250.123.211.3,40996,22.3.67.150,93,32,1
229.182.89.167,58415,80.63.5.133,25769,40,1
64.212.156.198,49468,224.208.178.203,2086,24,1
89.234.187.103,44074,184.148.113.131,22,20,1
165.230.10.206,6827,169.208.67.150,10260,40,1
249.103.6.195,60465,61.224.178.203,1026,20,1
238.129.135.15,50918,218.54.5.133,9037,32,1
44.190.178.203,443,150.20.0.185,47918,1408,1
44.190.178.203,443,150.20.0.185,47918,4136,2
44.190.178.203,443,150.20.0.185,47918,1400,3
44.190.178.203,443,150.20.0.185,47918,1421,1
44.190.178.203,443,150.20.0.185,47918,1429,2
229.191.47.195,60318,63.178.178.203,830,132,1
148.44.236.45,46645,201.43.67.150,15733,20,1
227.129.135.15,56528,37.42.164.163,3074,32,1
253.33.5.133,3389,125.16.22.106,52697,28,1
111.197.15.14,45502,104.221.13.202,43,32,1
193.236.83.154,47340,148.173.67.150,80,20,1
14.198.67.150,59363,74.243.131.20,443,32,1
150.195.244.91,8883,74.221.164.163,53085,44,1
54.202.197.36,45589,248.104.123.199,443,44,1
19.218.193.3,53050,177.35.148.202,49174,32,1
238.129.135.15,35925,152.160.164.163,9037,32,1
39.139.122.183,51722,205.203.28.133,23,20,1
205.193.123.153,22,255.36.148.202,51738,40,1
65.215.52.31,50538,49.162.24.202,21565,513,1
208.121.202.172,56461,59.136.178.203,8040,20,1
132.191.47.195,60679,39.241.5.133,15839,20,1
238.129.135.15,44782,139.190.164.163,9037,32,1
120.66.222.147,49827,101.8.5.133,53300,24,1
52.42.132.113,57115,7.166.178.203,23,40,1
125.16.22.106,52697,253.33.5.133,3389,32,1
50.175.28.133,64413,179.215.41.104,443,121,1
50.175.28.133,64413,179.215.41.104,443,146,1
50.175.28.133,64413,179.215.41.104,443,32,1
189.165.24.202,22,116.28.86.149,55178,84,1
172.17.157.59,48943,253.228.152.202,8888,20,1
12.195.119.92,35584,186.46.5.133,8443,32,1
12.195.119.92,35584,186.46.5.133,8443,56,1
249.212.156.198,53943,87.208.113.131,8009,24,1
103.206.173.157,5900,151.55.130.79,29010,32,1
36.73.67.150,54396,15.203.211.162,19292,40,1
238.129.135.15,46011,12.60.67.150,9037,32,1
192.160.89.167,45650,240.208.178.203,63920,40,1
209.98.252.183,5176,17.246.152.202,23,20,1
74.229.10.206,62686,122.78.164.163,43001,24,1
89.64.123.196,45065,97.196.34.210,22,20,1
32.29.238.103,22,25.85.123.196,54766,1152,1
54.208.81.205,52109,127.195.67.150,61337,24,1
218.93.123.87,60165,134.215.5.133,4646,20,1
232.169.213.3,56083,11.248.67.150,49225,32,1
36.179.187.119,3080,180.74.67.150,23,20,1
247.66.222.147,56690,112.87.164.163,8081,24,1
25.85.123.196,54766,32.29.238.103,22,1040,1
118.177.120.115,25393,13.175.178.203,2078,24,1
11.24.127.184,49348,169.218.178.203,22802,20,1
111.180.178.203,80,28.52.176.152,2563,1480,1
143.230.10.206,24853,210.74.67.150,26182,40,1
217.65.9.72,47963,91.45.5.133,443,24,1
88.110.97.146,60744,219.162.24.202,6881,32,1
42.225.219.172,443,237.110.67.150,55590,70,1
42.225.219.172,443,237.110.67.150,55590,416,1
123.4.228.110,59722,211.181.15.133,23,24,1
98.195.28.133,80,194.102.211.85,32960,314,1
110.213.153.39,14232,83.47.5.133,23,20,1
64.102.170.220,39150,95.182.178.203,22,112,1
157.39.124.64,3657,131.145.178.203,8081,20,1
161.230.10.206,48049,243.251.178.203,49152,40,1
138.66.222.147,49579,173.139.178.203,9997,24,1
239.129.135.15,44821,121.230.113.131,8406,32,1
65.32.161.83,55634,148.146.178.203,5539,20,1
117.208.81.205,52905,125.186.178.203,9200,24,1
29.199.211.162,56492,40.217.178.203,15122,20,1
227.129.135.15,57595,86.255.5.133,3074,32,1
67.166.55.170,37630,37.177.178.203,8728,20,1
201.66.222.147,49370,31.56.67.150,81,24,1
89.148.213.3,38807,45.224.5.133,3690,32,1
84.182.89.167,30103,243.181.113.131,18333,40,1
193.235.111.64,61014,198.216.178.203,2000,24,1
214.251.26.165,58914,106.121.67.150,443,24,1
178.151.32.18,39542,221.202.178.203,8002,32,1
47.191.6.71,10864,164.194.5.133,53,24,1
158.131.135.15,41156,52.20.28.133,4505,32,1
26.190.178.203,49542,104.41.231.4,443,40,1
84.243.21.3,55128,82.0.67.150,8071,32,1
109.250.228.45,39334,249.23.67.150,443,20,1
213.138.108.64,6095,222.162.24.202,80,158,1
223.236.83.154,45567,98.197.152.202,81,20,1
247.107.149.20,44420,219.200.152.202,111,20,1
70.13.157.165,43378,52.136.178.203,1433,20,1
148.61.38.18,60893,2.214.5.133,6446,32,1
88.76.71.195,53169,243.159.178.203,47001,40,1
115.170.164.185,47655,95.57.67.150,41443,20,1
19.196.247.118,46726,235.197.152.202,23,40,1
169.32.161.83,61000,167.145.178.203,22274,20,1
69.229.10.206,23676,110.77.164.163,31749,24,1
149.236.14.192,65283,76.183.178.203,22,556,2
79.226.135.15,32250,107.203.5.133,8081,40,1
65.229.10.206,57500,91.206.113.131,31346,24,1
227.129.135.15,41487,24.191.164.163,3074,32,1
146.253.113.185,38638,94.0.5.133,443,32,1
202.212.156.198,49292,39.3.67.150,1080,24,1
66.229.10.206,29581,165.128.67.150,29046,24,1
75.83.3.47,57398,0.2.67.150,443,32,1
223.236.83.154,47417,88.191.178.203,81,20,1
97.251.228.45,39833,250.157.67.150,10000,20,1
55.186.178.203,443,3.86.149.18,50276,365,1
150.20.0.185,47918,44.190.178.203,443,413,1
166.244.158.141,55182,27.228.5.133,8728,20,1
196.42.134.104,56096,51.35.148.202,22994,20,1
234.121.88.162,443,21.214.67.150,53392,54,1
142.33.161.83,53470,2.49.164.163,6789,20,1
178.89.39.18,57110,115.191.178.203,8001,32,1
236.208.81.205,50034,124.115.67.150,52200,24,1
196.151.67.20,37696,5.6.5.133,7473,20,1
136.170.164.185,58229,128.168.164.163,22,32,1
53.59.66.20,47879,0.254.5.133,18245,20,1
96.174.2.47,54717,129.198.5.133,4343,32,1
208.121.202.172,37727,247.235.178.203,8040,20,1
208.121.202.172,56331,48.181.178.203,8040,20,1
52.126.96.18,39413,75.56.67.150,49192,32,1
156.205.173.157,63977,58.6.23.114,443,59,1
212.115.61.116,443,45.53.15.133,58962,168,1
115.220.152.202,44443,168.250.152.92,1489,32,1
158.49.134.104,50920,169.160.178.203,999,40,1
239.129.135.15,37806,8.65.28.133,8406,32,1
24.170.101.187,63293,217.35.5.133,445,32,1
47.191.6.71,26366,228.158.178.203,5009,24,1
41.87.123.196,49600,27.205.67.150,1080,20,1
230.131.70.162,26903,41.183.178.203,12352,40,1
16.57.28.219,61020,139.205.112.131,443,88,1
16.57.28.219,61020,139.205.112.131,443,126,1
16.57.28.219,61020,139.205.112.131,443,73,2
16.57.28.219,61020,139.205.112.131,443,128,1
16.57.28.219,61020,139.205.112.131,443,92,1
16.57.28.219,61020,139.205.112.131,443,74,2
123.131.70.162,52388,200.164.24.202,20548,30,1
243.167.119.5,54204,228.226.67.150,80,20,1
157.57.135.211,35828,171.55.67.150,23,20,1
140.121.139.180,12037,99.136.178.203,23,20,1
158.131.135.15,44464,227.218.152.202,4505,32,1
148.61.38.18,58031,70.241.152.202,6446,32,1
224.115.207.193,49721,209.91.67.150,8734,24,1
193.236.83.154,57519,47.183.67.150,80,20,1
124.66.123.196,55562,102.51.164.163,8282,20,1
5.44.68.96,13227,147.172.28.133,80,20,1
14.66.222.147,56948,253.155.164.163,37443,24,1
247.107.149.20,60359,62.210.152.202,111,20,1
25.253.166.51,33238,93.56.67.150,443,549,1
208.5.173.157,36522,19.104.67.60,443,1460,4
33.56.67.150,25158,199.72.110.52,5061,587,1
166.244.158.141,55809,0.234.178.203,8728,20,1
119.0.124.194,39264,163.246.5.133,5900,24,1
158.246.6.171,26565,109.120.15.133,445,24,1
227.129.135.15,52143,218.0.67.150,3074,32,1
196.151.67.20,50799,244.253.5.133,7473,20,1
3.86.149.18,50276,55.186.178.203,443,363,1
57.19.42.116,57900,98.106.123.199,443,32,1
193.236.83.154,51149,54.0.5.133,80,20,1
42.14.50.139,2209,207.79.67.150,548,20,1
102.186.7.92,40645,54.87.67.150,3386,20,1
138.43.207.61,35041,116.194.152.202,80,40,1
29.199.211.162,35382,60.239.178.203,15122,20,1
201.66.222.147,49370,2.218.178.203,81,24,1
170.230.10.206,4602,120.243.178.203,44819,40,1
83.134.36.18,45606,123.236.5.133,5061,32,1
50.175.28.133,64412,179.215.41.104,443,393,1
50.175.28.133,64412,179.215.41.104,443,121,1
50.175.28.133,64412,179.215.41.104,443,146,1
50.175.28.133,64412,179.215.41.104,443,32,1
80.16.176.126,63409,173.28.113.131,443,104,2
139.91.97.18,34409,201.27.5.133,446,32,1
212.191.47.195,25374,124.181.178.203,830,49,1
76.12.53.164,443,96.118.67.150,13938,59,1
76.12.53.164,443,96.118.67.150,13938,55,1
114.179.102.87,60211,84.162.24.202,587,32,1
250.123.211.3,40379,234.94.67.150,93,32,1
106.124.5.70,48669,16.197.5.133,8080,20,1
65.32.161.83,55634,14.134.178.203,8888,20,1
100.153.100.126,12933,247.204.112.131,993,72,1
27.181.178.203,53,129.69.0.51,59926,40,1
111.197.15.14,45548,104.221.13.202,43,59,1
129.69.0.51,59926,27.181.178.203,53,40,1
239.129.135.15,43922,168.164.24.202,8406,32,1
42.249.155.175,18335,248.104.123.199,443,28,1
208.5.173.157,13494,19.104.67.60,443,1460,1
111.128.163.73,29616,136.106.112.131,79,24,1
60.213.121.118,57456,189.202.152.202,23,20,1
86.182.89.167,14844,73.162.164.163,4841,40,1
205.191.47.195,42285,155.163.178.203,15904,32,1
46.122.89.23,40123,71.80.67.150,3389,20,1
24.3.89.197,58232,52.132.67.150,23,20,1
241.123.110.185,57205,241.172.67.150,8989,20,1
90.182.89.167,45056,160.211.5.133,2096,40,1
196.155.197.36,51414,248.104.123.199,443,44,1
119.143.83.213,35004,135.253.178.203,5555,32,1
50.175.28.133,64411,179.215.41.104,443,393,1
50.175.28.133,64411,179.215.41.104,443,121,1
50.175.28.133,64411,179.215.41.104,443,146,1
50.175.28.133,64411,179.215.41.104,443,32,1
171.60.211.185,50855,58.122.67.150,23,20,1
58.45.15.133,40961,11.9.43.65,80,2820,1
58.45.15.133,40961,11.9.43.65,80,1420,8
136.170.164.185,44950,30.178.67.150,22,32,1
172.230.10.206,8665,187.213.164.163,6005,40,1
148.87.148.18,41144,204.195.67.150,50005,32,1
187.34.236.89,59341,22.198.67.150,37278,20,1
90.220.20.112,49052,1.31.5.133,23,32,1
187.34.236.89,59341,221.167.67.150,8879,20,1
154.115.207.193,56832,90.245.152.202,2455,24,1
66.76.71.195,35375,135.164.24.202,80,40,1
88.32.161.83,59327,200.151.67.150,22,20,1
80.166.55.170,43035,102.207.5.133,8728,20,1
104.42.209.81,19176,158.207.67.150,8080,20,1
190.249.155.175,50439,248.104.123.199,443,44,1
95.33.161.83,51049,109.29.238.103,57094,20,1
100.32.161.83,57218,180.242.5.133,33789,20,1
93.1.61.119,18938,248.104.123.199,443,44,1
108.102.197.91,32317,216.148.178.203,23,40,1
168.96.212.172,52429,24.246.5.133,5631,20,1
236.70.233.84,52729,167.164.24.202,54967,159,1
50.175.28.133,64410,179.215.41.104,443,393,1
50.175.28.133,64410,179.215.41.104,443,121,1
50.175.28.133,64410,179.215.41.104,443,146,1
50.175.28.133,64410,179.215.41.104,443,32,1
93.137.11.156,55638,77.193.152.202,5006,20,1
167.230.10.206,7194,180.208.67.150,591,40,1
202.162.89.167,43236,61.238.178.203,8080,40,1
191.177.178.203,465,247.198.238.58,48269,1480,1
203.162.89.167,59693,33.53.5.133,20546,40,1
72.115.207.193,58928,51.61.5.133,8401,24,1
80.166.55.170,47050,138.203.152.202,8728,20,1
30.195.196.3,59392,174.194.152.202,49171,32,1
169.32.161.83,61000,21.12.164.163,22145,20,1
187.34.236.89,59341,110.227.67.150,37270,20,1
29.199.211.162,35389,252.209.67.150,15122,20,1
160.179.171.154,58344,112.165.24.202,10017,267,1
114.179.102.87,53741,211.164.24.202,587,20,1
172.188.109.185,25090,54.224.178.203,79,20,1
14.220.152.202,830,206.191.47.195,19116,492,1
160.162.89.167,16187,88.231.152.202,48870,40,1
58.97.243.86,20851,20.4.67.150,23,24,1
46.75.14.14,56086,72.22.15.133,1433,20,1
252.253.227.156,80,236.108.67.150,44580,1936,1
252.253.227.156,80,236.108.67.150,44580,1480,1
252.253.227.156,80,236.108.67.150,44580,4376,3
11.9.43.65,80,58.45.15.133,40961,45,1
62.45.74.185,52800,218.89.67.150,23,20,1
36.241.20.147,45568,199.196.100.151,443,40,1
80.166.55.170,60652,182.4.164.163,8728,20,1
195.205.155.175,26963,248.104.123.199,443,44,1
196.151.67.20,50403,2.33.5.133,7473,20,1
208.5.173.157,48322,19.104.67.60,443,1460,2
84.205.195.175,39569,70.172.178.203,23,40,1
208.5.173.157,19714,19.104.67.60,443,1460,3
30.33.161.83,59798,166.29.238.103,30473,20,1
142.33.161.83,53470,89.113.67.150,1111,20,1
241.33.5.133,21845,42.60.26.165,57568,32,1
28.119.8.220,27253,132.232.152.202,51007,24,1
208.228.6.221,40001,205.44.5.133,1433,24,1
67.166.55.170,54629,41.138.178.203,8728,20,1
49.208.81.205,49546,186.163.24.202,427,24,1
207.191.47.195,56077,64.35.67.150,15659,32,1
0.24.170.35,48844,98.90.67.150,443,40,1
197.33.5.133,9023,54.20.102.212,54276,40,1
62.45.74.185,33622,181.61.5.133,23,20,1
144.170.133.167,55885,88.195.28.133,443,681,1
207.30.173.157,56566,119.80.94.43,8080,443,1
227.129.135.15,49008,134.219.152.202,3074,32,1
182.1.124.194,39264,232.30.67.150,5900,24,1
186.157.122.183,27743,31.248.152.202,23,20,2
199.160.89.167,44290,191.251.5.133,60016,40,1
179.49.192.3,46845,227.164.178.203,49204,32,1
80.166.55.170,49230,178.14.164.163,8728,20,1
81.32.161.83,59845,63.29.238.103,60850,20,1
94.32.161.83,58676,233.250.5.133,3391,20,1
165.230.10.206,38286,7.201.5.133,832,40,1
220.153.2.87,52003,237.80.164.163,23,24,4
106.139.15.133,22,53.243.98.43,47422,556,1
239.129.135.15,50266,100.174.67.150,8406,32,1
42.60.26.165,57568,241.33.5.133,21845,32,1
62.249.155.175,19629,248.104.123.199,443,44,1
233.48.91.159,60000,202.35.164.163,2840,20,1
156.73.2.202,5432,225.187.246.219,57808,125,1
91.252.27.156,44344,21.219.178.203,8088,20,1
220.45.44.126,33818,104.221.216.192,53,28,1
144.138.89.207,26200,233.236.178.203,12300,24,1
54.20.102.212,54276,197.33.5.133,9023,40,1
196.71.246.45,56038,129.62.67.150,31337,20,1
63.186.144.39,52944,78.198.5.133,80,340,1
63.186.144.39,52944,78.198.5.133,80,44,1
135.147.14.66,20012,187.230.178.203,18080,24,1
50.175.28.133,64409,179.215.41.104,443,393,1
50.175.28.133,64409,179.215.41.104,443,121,1
50.175.28.133,64409,179.215.41.104,443,146,1
50.175.28.133,64409,179.215.41.104,443,32,1
130.30.67.150,53873,158.84.206.130,443,21,1
190.102.197.91,52952,177.41.67.150,4664,40,1
93.137.11.156,55638,56.34.148.202,5005,20,1
224.208.81.205,55410,92.231.152.202,4002,24,1
60.244.158.141,60342,140.32.148.202,5555,20,1
243.161.43.89,443,54.103.173.157,28090,222,1
157.203.197.36,6913,248.104.123.199,443,44,1
131.53.14.52,35734,19.10.67.150,7443,32,1
191.89.150.112,35807,151.168.178.203,23,40,1
255.33.5.133,18208,246.43.192.3,59688,40,1
30.33.161.83,59798,198.29.238.103,30473,20,1
72.115.207.193,58026,106.232.178.203,8401,24,1
139.91.97.18,50138,215.148.67.150,446,32,1
189.66.222.147,55798,147.195.67.150,111,24,1
166.84.67.150,65347,174.65.214.54,443,75,1
88.21.221.45,8303,185.201.113.131,445,32,1
43.190.178.203,443,156.225.241.182,9261,20,1
166.84.67.150,64636,162.197.176.35,443,75,1
166.131.28.133,51723,32.92.160.85,25,40,1
196.42.134.104,36624,32.137.67.150,22994,20,1
72.70.196.45,43566,54.132.178.203,23,20,1
216.83.3.47,23337,135.71.164.163,8282,32,1
209.59.67.150,443,165.153.231.52,8211,2900,2
209.59.67.150,443,165.153.231.52,8211,4340,1
209.59.67.150,443,165.153.231.52,8211,5780,1
209.59.67.150,443,165.153.231.52,8211,1460,6
196.42.134.104,57776,82.163.164.163,22994,20,1
246.43.192.3,59688,255.33.5.133,18208,40,1
67.166.55.170,60468,253.235.164.163,8728,20,1
169.32.161.83,61000,200.16.67.150,22191,20,1
81.227.254.117,32625,104.255.28.133,23,20,1
66.167.4.36,19020,62.200.5.133,22,20,1
117.32.161.83,47519,8.7.67.150,3791,20,1
156.225.241.182,9261,43.190.178.203,443,20,1
2.191.47.195,47969,93.230.164.163,15483,20,1
160.252.27.156,56775,225.243.67.150,8000,20,1
217.65.9.72,47963,50.197.67.150,443,24,1
46.58.165.218,11678,93.28.238.103,22,96,1
195.230.228.139,45482,90.44.5.133,10159,20,1
91.182.89.167,45089,186.107.67.150,3306,40,1
193.236.83.154,50568,128.232.152.202,80,20,1
26.52.87.75,43294,110.87.164.163,23,40,1
6.210.110.3,443,50.36.148.202,48300,83,1
6.210.110.3,443,50.36.148.202,48300,1395,1
6.210.110.3,443,50.36.148.202,48300,1480,2
184.162.24.202,22,104.96.97.92,34542,312,1
136.170.164.185,44951,30.178.67.150,22,32,1
39.225.153.111,64676,96.165.24.202,1433,61,1
91.252.27.156,50669,4.178.67.150,8088,20,1
148.44.236.45,45189,142.185.67.150,15733,20,1
142.33.161.83,53470,216.229.164.163,4171,20,1
152.228.147.138,15897,216.180.178.203,80,24,1
24.170.101.187,63263,184.58.5.133,445,32,1
111.180.178.203,80,99.16.115.221,47186,5540,1
111.180.178.203,80,99.16.115.221,47186,1400,2
111.180.178.203,80,99.16.115.221,47186,2780,1
72.190.161.107,51903,43.187.113.131,25,38,1
95.198.5.133,60884,62.165.238.192,8443,48,1
22.83.21.47,52571,177.9.67.150,3004,32,1
190.253.210.209,34757,204.104.123.199,443,28,1
95.40.24.34,45432,142.16.67.150,5433,20,1
50.175.28.133,64408,179.215.41.104,443,393,1
50.175.28.133,64408,179.215.41.104,443,121,1
50.175.28.133,64408,179.215.41.104,443,146,1
50.175.28.133,64408,179.215.41.104,443,32,1
73.131.70.162,24639,120.249.67.150,20001,40,1
133.125.80.43,8883,231.177.178.203,62687,53,1
17.245.35.18,43014,240.255.67.150,1434,32,1
50.175.28.133,64407,179.215.41.104,443,57,1
50.175.28.133,64407,179.215.41.104,443,393,1
50.175.28.133,64407,179.215.41.104,443,121,1
50.175.28.133,64407,179.215.41.104,443,146,1
50.175.28.133,64407,179.215.41.104,443,32,1
124.129.249.147,80,136.110.67.150,19940,1330,1
124.129.249.147,80,136.110.67.150,19940,1430,2
124.129.249.147,80,136.110.67.150,19940,188,1
124.129.249.147,80,136.110.67.150,19940,182,1
191.66.222.147,51262,150.196.5.133,12694,24,1
38.99.187.146,443,191.144.67.150,40412,71,1
96.25.113.131,22,207.201.248.63,38453,108,1
110.244.158.141,34111,93.88.67.150,5555,20,1
8.88.34.18,50011,55.11.5.133,20,32,1
229.131.70.162,34744,75.227.5.133,5530,40,1
109.250.228.45,31145,49.83.67.150,8443,20,1
67.166.55.170,51727,150.236.67.150,8728,20,1
208.5.173.157,16740,19.104.67.60,443,532,2
83.134.36.18,45224,119.196.152.202,5061,32,1
40.147.10.47,39616,129.58.67.150,2222,20,1
60.244.158.141,35459,138.192.5.133,5555,20,1
164.236.219.103,34148,45.190.178.203,443,461,1
184.80.2.113,58363,0.192.152.202,46247,24,1
218.211.96.18,46127,220.236.67.150,2209,32,1
89.131.249.116,53887,51.215.5.133,23,52,1
255.36.148.202,51738,205.193.123.153,22,74,1
255.36.148.202,51738,205.193.123.153,22,40,1
29.83.3.47,59128,52.252.67.150,51005,32,1
227.129.135.15,55053,243.161.67.150,3074,32,1
197.33.5.133,9023,54.20.102.212,44600,32,1
255.36.148.202,41040,165.128.13.44,443,1332,1
255.36.148.202,41040,165.128.13.44,443,1086,1
45.146.241.128,80,53.108.67.150,55968,270,1
45.146.241.128,80,53.108.67.150,55968,1476,5
45.146.241.128,80,53.108.67.150,55968,3385,1
46.146.241.128,443,255.178.67.150,62324,4055,1
187.95.26.121,50041,29.98.113.131,23,32,1
34.33.66.159,54024,66.162.67.150,8118,40,1
41.149.126.183,40610,2.236.28.133,23,20,1
122.226.179.109,14225,192.213.178.203,23,24,1
183.226.12.193,37414,53.35.67.150,175,20,1
131.53.14.52,38624,239.149.67.150,7443,32,1
132.58.49.118,40706,102.165.24.202,264,304,1
179.253.33.104,443,152.246.67.150,53574,96,1
179.253.33.104,443,152.246.67.150,53574,816,1
29.199.211.162,42886,245.22.5.133,15122,20,1
82.182.89.167,19912,202.130.178.203,5671,40,1
124.66.222.147,51404,212.234.5.133,37777,24,1
231.198.39.117,20650,161.248.5.133,23,20,2
205.191.47.195,40326,223.32.67.150,15904,32,1
98.65.173.80,60000,128.125.67.150,25055,20,1
54.20.102.212,44600,197.33.5.133,9023,32,1
227.129.135.15,54406,218.229.178.203,3074,32,1
133.135.199.79,15196,51.57.186.130,3128,24,1
201.113.243.219,49509,149.200.152.202,23,40,1
196.151.67.20,35352,27.32.5.133,7473,20,1
143.138.89.207,26200,248.210.178.203,16004,24,1
26.239.112.126,63951,110.205.112.131,143,44,1
50.36.148.202,48300,6.210.110.3,443,158,1
50.36.148.202,48300,6.210.110.3,443,220,1
140.115.207.193,51286,141.194.152.202,771,24,1
136.170.164.185,55075,161.193.178.203,22,32,1
5.189.39.38,4853,98.149.164.163,23,40,1
98.188.136.34,443,225.114.67.150,45918,335,1
74.117.66.176,40649,127.133.164.163,9000,20,1
241.182.159.223,58124,77.182.178.203,23,20,1
39.131.70.162,35314,84.162.24.202,8692,20,1
208.5.173.157,38466,19.104.67.60,443,1460,2
98.188.136.34,443,225.114.67.150,45806,63,1
40.77.67.150,56279,74.243.131.20,443,20,1
40.77.67.150,56279,74.243.131.20,443,44,1
12.212.156.198,49399,180.5.5.133,5061,24,1
4.34.148.202,20001,56.80.166.80,57266,51,1
55.186.178.203,80,48.97.212.49,53662,3008,1
55.186.178.203,80,48.97.212.49,53662,21752,5
55.186.178.203,80,48.97.212.49,53662,15960,3
55.186.178.203,80,48.97.212.49,53662,1480,14
55.186.178.203,80,48.97.212.49,53662,23200,2
55.186.178.203,80,48.97.212.49,53662,18856,1
55.186.178.203,80,48.97.212.49,53662,2928,11
55.186.178.203,80,48.97.212.49,53662,11616,3
55.186.178.203,80,48.97.212.49,53662,20304,5
55.186.178.203,80,48.97.212.49,53662,8720,17
55.186.178.203,80,48.97.212.49,53662,17408,5
55.186.178.203,80,48.97.212.49,53662,4376,20
55.186.178.203,80,48.97.212.49,53662,13064,7
55.186.178.203,80,48.97.212.49,53662,10168,16
55.186.178.203,80,48.97.212.49,53662,5824,23
55.186.178.203,80,48.97.212.49,53662,7272,17
158.131.135.15,51518,58.245.67.150,4505,32,1
65.21.11.156,37296,10.217.164.163,8089,24,1
238.129.135.15,43057,13.53.28.133,9037,32,1
30.107.255.202,8572,96.106.123.199,443,32,1
170.216.126.153,1883,106.185.178.203,58215,616,1
170.216.126.153,1883,106.185.178.203,58215,319,1
170.216.126.153,1883,104.185.178.203,55520,616,1
170.216.126.153,1883,104.185.178.203,55520,319,1
170.216.126.153,1883,104.185.178.203,48220,616,1
170.216.126.153,1883,104.185.178.203,48220,319,1
119.143.83.213,38795,254.26.67.150,5555,32,1
128.230.10.206,31190,73.229.152.202,20532,40,1
225.187.246.219,57808,156.73.2.202,5432,87,1
95.182.89.167,22197,136.209.5.133,465,40,1
148.230.10.206,43874,116.117.67.150,26247,40,1
61.66.227.17,443,198.184.178.203,53797,2844,1
61.66.227.17,443,198.184.178.203,53797,108,1
61.66.227.17,443,198.184.178.203,53797,1476,5
61.66.227.17,443,198.184.178.203,53797,2920,6
94.32.161.83,58676,172.250.5.133,3391,20,1
50.175.28.133,64406,179.215.41.104,443,20,1
50.175.28.133,64406,179.215.41.104,443,57,1
50.175.28.133,64406,179.215.41.104,443,393,1
50.175.28.133,64406,179.215.41.104,443,121,1
50.175.28.133,64406,179.215.41.104,443,146,1
50.175.28.133,64406,179.215.41.104,443,32,1
101.136.6.71,53166,246.197.152.202,139,24,1
45.124.119.46,25758,36.235.152.202,2323,20,1
130.230.10.206,63885,24.233.5.133,10932,40,1
63.186.144.39,51419,78.198.5.133,80,32,1
117.208.81.205,52905,234.170.67.150,9200,24,1
89.182.89.167,26452,39.182.28.133,4840,40,1
239.182.89.167,21652,5.5.67.150,17777,40,1
239.129.135.15,59409,29.187.28.133,8406,32,1
238.129.135.15,50983,6.165.67.150,9037,32,1
112.32.161.83,48427,124.238.178.203,7654,20,1
147.21.170.3,443,115.62.67.150,44611,1354,1
147.21.170.3,443,115.62.67.150,44611,1430,2
147.21.170.3,443,115.62.67.150,44611,4150,3
42.14.50.139,2209,143.113.164.163,873,20,1
227.129.135.15,44987,94.41.67.150,3074,32,1
119.78.192.3,47128,225.162.24.202,11680,191,1
170.216.126.153,1883,106.185.178.203,54168,616,1
170.216.126.153,1883,106.185.178.203,54168,319,1
119.78.192.3,38516,97.164.24.202,11680,148,1
118.141.11.185,13360,11.224.152.202,9160,20,1
70.229.10.206,25948,118.231.67.150,51058,24,1
68.232.9.1,45030,237.229.152.202,23,40,1
26.206.157.185,873,93.56.67.150,41480,936,1
56.80.166.80,57266,4.34.148.202,20001,106,1
56.80.166.80,57266,4.34.148.202,20001,71,1
76.12.53.164,443,211.108.67.150,44972,59,1
40.186.7.92,44574,32.36.148.202,63540,20,1
249.176.248.13,51302,69.165.24.202,6010,40,1
238.177.63.128,41260,101.196.152.202,2375,20,1
34.42.209.101,80,120.110.67.150,52610,2210,1
34.42.209.101,80,120.110.67.150,52610,21,1
34.42.209.101,80,120.110.67.150,52610,3891,2
34.42.209.101,80,120.110.67.150,52610,1960,1
34.42.209.101,80,120.110.67.150,52610,9672,1
34.42.209.101,80,120.110.67.150,52610,455,2
34.42.209.101,80,120.110.67.150,52610,1480,3
34.42.209.101,80,120.110.67.150,52610,1196,2
34.42.209.101,80,120.110.67.150,52610,5576,2
34.42.209.101,80,120.110.67.150,52610,6752,1
34.42.209.101,80,120.110.67.150,52610,2656,3
34.42.209.101,80,120.110.67.150,52610,2940,1
34.42.209.101,80,120.110.67.150,52610,12308,1
34.42.209.101,80,120.110.67.150,52610,4116,6
238.129.135.15,35412,176.222.5.133,9037,32,1
150.177.178.203,47068,94.234.53.149,8890,32,1
255.178.67.150,53790,68.56.147.13,443,466,1
255.178.67.150,53790,68.56.147.13,443,747,1
255.178.67.150,53790,68.56.147.13,443,58,1
169.32.161.83,61000,210.58.5.133,22321,20,1
65.27.131.46,41527,152.34.186.130,3389,20,1
228.127.24.103,55172,122.237.152.202,1433,20,1
196.71.246.45,56038,183.108.67.150,5001,20,1
119.78.192.3,47078,145.164.24.202,2000,191,1
160.252.27.156,56775,232.21.67.150,8000,20,1
81.227.254.117,32625,26.45.28.133,23,20,1
46.122.89.23,40123,70.240.67.150,3389,20,1
242.104.149.20,60833,218.171.178.203,4443,20,1
65.32.161.83,55634,106.249.152.202,5369,20,1
233.41.248.222,44528,212.161.178.203,22,20,1
14.66.222.147,56948,233.112.67.150,37443,24,1
145.236.238.38,873,93.56.67.150,54939,1400,2
167.244.158.141,35249,251.210.152.202,80,20,1
48.97.212.49,53662,55.186.178.203,80,313,1
249.62.19.180,50692,29.133.186.130,47000,32,1
142.33.161.83,53470,83.107.67.150,3393,20,1
9.192.155.175,52994,248.104.123.199,443,44,1
227.129.135.15,60965,150.130.178.203,3074,32,1
46.122.89.23,40123,176.32.67.150,3389,20,1
145.236.238.38,873,55.186.178.203,41294,5504,2
145.236.238.38,873,55.186.178.203,41294,1400,4
145.236.238.38,873,55.186.178.203,41294,2768,3
170.204.160.74,20904,61.162.112.131,7777,1480,5
208.5.173.157,47338,19.104.67.60,443,1460,4
203.24.163.164,60000,181.125.164.163,7306,20,1
50.175.28.133,64403,179.215.41.104,443,20,1
50.175.28.133,64403,179.215.41.104,443,57,1
50.175.28.133,64403,179.215.41.104,443,393,1
50.175.28.133,64403,179.215.41.104,443,121,1
15.200.155.175,51671,248.104.123.199,443,44,1
144.236.238.38,873,93.56.67.150,48596,2768,1
144.236.238.38,873,93.56.67.150,48596,1400,2
137.230.10.206,18561,215.220.152.202,11051,40,1
2.191.47.195,55547,122.58.164.163,15483,20,1
208.5.173.157,21404,19.104.67.60,443,1460,2
3.48.30.122,13281,54.19.5.133,23,20,1
132.191.47.195,60416,190.165.24.202,15839,20,1
34.106.123.196,51824,23.237.5.133,22,20,1
46.83.3.47,19417,206.234.67.150,9088,32,1
249.176.248.13,52790,183.164.24.202,6010,40,1
50.175.28.133,64397,179.215.41.104,443,20,1
50.175.28.133,64397,179.215.41.104,443,57,1
181.44.67.150,993,220.244.168.203,39890,350,1
158.131.135.15,46629,177.162.28.133,4505,32,1
72.149.219.199,8092,125.235.152.202,50580,40,1
227.129.135.15,34048,226.128.113.131,3074,32,1
231.131.70.162,14479,15.28.5.133,30302,40,1
50.175.28.133,64393,179.215.41.104,443,20,1
118.177.120.115,25221,138.249.152.202,700,24,1
125.16.22.106,36462,191.162.24.202,3389,71,1
196.71.246.45,56038,84.38.67.150,7002,20,1
88.111.70.103,40178,221.104.112.131,22,20,1
142.33.161.83,53470,254.196.67.150,8803,20,1
13.14.226.108,44788,192.165.24.202,27826,88,1
139.230.10.206,47199,157.12.67.150,26472,40,1
162.230.10.206,4468,100.24.5.133,44819,40,1
81.10.63.160,43929,184.10.173.157,3128,20,1
80.166.55.170,52241,159.181.178.203,8728,20,1
65.115.207.193,55041,6.198.34.210,3890,24,1
162.62.48.152,45826,217.164.24.202,1971,31,1
50.175.28.133,64399,179.215.41.104,443,20,1
50.175.28.133,64399,179.215.41.104,443,57,1
50.175.28.133,64399,179.215.41.104,443,393,1
149.230.10.206,7396,99.231.178.203,53342,40,1
62.165.238.192,8443,95.198.5.133,60884,72,1
136.170.164.185,44140,134.10.5.133,22,32,1
52.126.96.18,47091,177.75.67.150,49192,32,1
230.182.89.167,23360,241.207.152.202,58450,40,1
202.190.125.52,443,36.36.148.202,58400,78,1
202.190.125.52,443,36.36.148.202,58400,71,1
50.175.28.133,64405,179.215.41.104,443,20,1
50.175.28.133,64405,179.215.41.104,443,57,1
50.175.28.133,64405,179.215.41.104,443,393,1
50.175.28.133,64405,179.215.41.104,443,121,1
50.175.28.133,64405,179.215.41.104,443,32,1
7.214.67.150,58776,180.218.247.13,443,59,1
7.214.67.150,58776,180.218.247.13,443,249,1
62.45.74.185,40371,82.232.67.150,23,20,1
177.206.98.18,33298,22.230.152.202,808,32,1
147.160.89.167,1628,144.244.152.202,10252,40,1
50.175.28.133,64398,179.215.41.104,443,20,1
50.175.28.133,64398,179.215.41.104,443,57,1
50.175.28.133,64398,179.215.41.104,443,393,1
72.229.10.206,59812,203.164.24.202,8476,40,1
46.75.14.14,56086,11.22.15.133,1433,20,1
100.45.5.133,587,114.179.102.87,49918,95,1
122.27.93.45,43255,237.29.238.103,5327,20,1
162.230.10.206,63024,68.192.164.163,2053,40,1
232.152.236.37,443,212.82.15.133,57386,2768,2
232.152.236.37,443,212.82.15.133,57386,1400,4
86.137.11.156,54390,176.84.67.150,8787,20,1
235.81.110.64,61002,157.52.67.150,22,24,1
142.33.161.83,53470,98.194.164.163,3380,20,1
174.65.220.23,80,36.36.148.202,49208,32,1
174.65.220.23,80,36.36.148.202,49208,219,1
174.65.220.23,80,36.36.148.202,49208,40,1
250.123.211.3,43369,157.167.67.150,93,32,1
232.120.228.1,34666,178.169.67.150,23,20,1
112.32.161.83,48427,203.221.5.133,33898,20,1
98.188.136.34,443,225.114.67.150,45928,335,1
98.188.136.34,443,225.114.67.150,45928,4451,1
136.170.164.185,44141,134.10.5.133,22,32,1
64.149.219.199,17219,218.56.67.150,6881,40,1
137.209.104.176,48785,94.72.113.131,23,40,1
178.216.28.133,53242,229.253.65.172,443,67,1
82.234.7.162,873,93.56.67.150,47718,1480,10
82.234.7.162,873,93.56.67.150,47718,2928,3
11.115.207.193,51283,122.255.152.202,8085,24,1
158.162.178.203,57540,214.19.251.128,14022,98,2
158.162.178.203,57540,214.19.251.128,14022,54,7
48.201.254.223,14489,172.149.178.203,23,20,1
36.36.148.202,49208,174.65.220.23,80,32,1
36.36.148.202,49208,174.65.220.23,80,143,1
36.36.148.202,49208,174.65.220.23,80,40,1
74.189.14.66,20012,34.55.5.133,18080,24,1
169.32.161.83,61000,216.246.5.133,22188,20,1
38.99.187.146,443,42.133.67.150,37420,71,1
244.21.102.211,37119,99.197.113.131,8080,20,1
208.5.173.157,11702,19.104.67.60,443,1460,5
50.175.28.133,64394,179.215.41.104,443,20,1
50.175.28.133,64396,179.215.41.104,443,20,1
184.115.207.193,51236,230.203.178.203,17990,24,1
65.160.67.172,443,249.178.67.150,50327,1270,1
65.160.67.172,443,249.178.67.150,50327,2520,15
193.236.83.154,51739,9.115.67.150,80,20,1
191.90.141.87,42291,242.165.24.202,8443,34,1
222.6.45.104,443,99.108.67.150,53881,1759,1
222.6.45.104,443,99.108.67.150,53881,2912,4
222.6.45.104,443,99.108.67.150,53881,1472,2
222.6.45.104,443,99.108.67.150,53881,100,1
50.175.28.133,64400,179.215.41.104,443,20,1
50.175.28.133,64400,179.215.41.104,443,57,1
50.175.28.133,64400,179.215.41.104,443,393,1
50.175.28.133,64400,179.215.41.104,443,121,1
196.42.134.104,54967,150.18.67.150,22994,20,1
50.175.28.133,64402,179.215.41.104,443,20,1
50.175.28.133,64402,179.215.41.104,443,57,1
50.175.28.133,64402,179.215.41.104,443,393,1
50.175.28.133,64402,179.215.41.104,443,121,1
238.188.197.36,7320,248.104.123.199,443,44,1
76.12.53.164,443,211.108.67.150,36428,20,1
83.85.76.71,45873,124.250.186.130,23,20,1
181.44.67.150,993,151.94.114.49,53443,303,1
186.82.242.47,55339,185.25.67.150,23,20,2
45.211.10.96,853,154.177.178.203,11890,135,1
45.211.10.96,853,154.177.178.203,11890,1535,1
189.165.178.203,443,142.217.247.185,49337,911,1
189.165.178.203,443,142.217.247.185,49337,1480,1
182.166.183.220,14742,105.104.28.133,17001,20,1
192.238.80.8,49011,118.50.67.150,8013,32,1
191.177.178.203,465,41.63.94.64,54471,1589,1
191.177.178.203,465,41.63.94.64,54471,1480,1
158.131.135.15,49227,8.185.178.203,4505,32,1
206.191.47.195,19116,14.220.152.202,830,80,1
50.175.28.133,64404,179.215.41.104,443,20,1
50.175.28.133,64404,179.215.41.104,443,57,1
50.175.28.133,64404,179.215.41.104,443,393,1
50.175.28.133,64404,179.215.41.104,443,121,1
50.175.28.133,64404,179.215.41.104,443,146,1
112.32.161.83,48427,199.250.178.203,3388,20,1
208.121.202.172,43588,112.166.178.203,8040,20,1
227.129.135.15,35651,57.201.178.203,3074,32,1
141.138.89.207,26200,40.236.178.203,13000,24,1
45.190.178.203,443,85.21.52.124,47096,922,1
45.190.178.203,443,85.21.52.124,47096,1167,1
45.190.178.203,443,85.21.52.124,47096,111,2
45.190.178.203,443,85.21.52.124,47096,1065,1
65.160.67.172,443,249.178.67.150,50280,2520,21
58.58.67.150,443,156.200.15.126,60948,28,1
193.164.132.91,873,115.246.152.202,43230,11616,1
193.164.132.91,873,115.246.152.202,43230,8720,2
193.164.132.91,873,115.246.152.202,43230,10168,2
193.164.132.91,873,115.246.152.202,43230,7272,3
193.164.132.91,873,115.246.152.202,43230,4376,9
193.164.132.91,873,115.246.152.202,43230,5824,7
193.164.132.91,873,115.246.152.202,43230,2928,11
193.164.132.91,873,115.246.152.202,43230,1480,41
109.250.228.45,13979,50.105.67.150,8443,20,1
13.143.162.107,51224,160.164.24.202,22,32,1
65.160.67.172,443,249.178.67.150,50326,2520,23
68.29.67.150,64793,22.142.107.51,443,232,1
60.99.37.18,50040,21.194.152.202,50003,32,1
50.175.28.133,64401,179.215.41.104,443,20,1
50.175.28.133,64401,179.215.41.104,443,57,1
50.175.28.133,64401,179.215.41.104,443,393,1
50.175.28.133,64401,179.215.41.104,443,121,1
17.245.35.18,42067,109.19.5.133,1434,32,1
50.175.28.133,64395,179.215.41.104,443,20,1
158.160.89.167,52023,191.184.178.203,20546,40,1
84.198.96.40,443,26.190.178.203,44598,118,1
80.166.55.170,35725,83.56.5.133,8728,20,1
199.234.152.202,22,183.56.195.186,35546,84,1
242.166.4.31,443,198.184.178.203,48410,2508,6
242.166.4.31,443,198.184.178.203,48410,1270,13
65.32.161.83,55634,99.71.164.163,6001,20,1
106.197.30.142,443,237.110.67.150,50124,1432,2
106.197.30.142,443,237.110.67.150,50124,2832,15
110.244.158.141,50916,199.199.67.150,5555,20,1
161.27.95.8,43689,120.211.152.202,3080,32,1
247.150.199.3,51530,117.201.152.202,8600,32,1
154.199.60.192,41298,44.7.67.150,1433,20,1
250.57.127.150,52690,210.150.186.130,8000,24,1
157.114.219.37,183,117.215.173.157,59142,1388,1
157.114.219.37,183,117.215.173.157,59142,2768,3
157.114.219.37,183,117.215.173.157,59142,1400,21
